Year,Month,Day,Season,Regime
2000,1,1,Wint,2
2000,1,2,Wint,2
2000,1,3,Wint,2
2000,1,4,Wint,2
2000,1,5,Wint,1
2000,1,6,Wint,2
2000,1,7,Wint,2
2000,1,8,Wint,2
2000,1,9,Wint,5
2000,1,10,Wint,2
2000,1,11,Wint,2
2000,1,12,Wint,2
2000,1,13,Wint,0
2000,1,14,Wint,5
2000,1,15,Wint,5
2000,1,16,Wint,5
2000,1,17,Wint,5
2000,1,18,Wint,0
2000,1,19,Wint,5
2000,1,20,Wint,0
2000,1,21,Wint,5
2000,1,22,Wint,0
2000,1,23,Wint,0
2000,1,24,Wint,5
2000,1,25,Wint,5
2000,1,26,Wint,5
2000,1,27,Wint,2
2000,1,28,Wint,2
2000,1,29,Wint,1
2000,1,30,Wint,2
2000,1,31,Wint,2
2000,2,1,Wint,2
2000,2,2,Wint,2
2000,2,3,Wint,5
2000,2,4,Wint,2
2000,2,5,Wint,2
2000,2,6,Wint,2
2000,2,7,Wint,1
2000,2,8,Wint,1
2000,2,9,Wint,2
2000,2,10,Wint,2
2000,2,11,Wint,2
2000,2,12,Wint,2
2000,2,13,Wint,0
2000,2,14,Wint,2
2000,2,15,Wint,2
2000,2,16,Wint,1
2000,2,17,Wint,1
2000,2,18,Wint,1
2000,2,19,Wint,0
2000,2,20,Wint,3
2000,2,21,Wint,5
2000,2,22,Wint,3
2000,2,23,Wint,3
2000,2,24,Wint,2
2000,2,25,Wint,2
2000,2,26,Wint,2
2000,2,27,Wint,2
2000,2,28,Wint,2
2000,2,29,Wint,1
2000,3,1,Spr,0
2000,3,2,Spr,2
2000,3,3,Spr,0
2000,3,4,Spr,0
2000,3,5,Spr,2
2000,3,6,Spr,2
2000,3,7,Spr,2
2000,3,8,Spr,2
2000,3,9,Spr,0
2000,3,10,Spr,2
2000,3,11,Spr,5
2000,3,12,Spr,5
2000,3,13,Spr,2
2000,3,14,Spr,0
2000,3,15,Spr,5
2000,3,16,Spr,5
2000,3,17,Spr,5
2000,3,18,Spr,5
2000,3,19,Spr,5
2000,3,20,Spr,5
2000,3,21,Spr,5
2000,3,22,Spr,0
2000,3,23,Spr,4
2000,3,24,Spr,3
2000,3,25,Spr,1
2000,3,26,Spr,0
2000,3,27,Spr,5
2000,3,28,Spr,5
2000,3,29,Spr,5
2000,3,30,Spr,0
2000,3,31,Spr,1
2000,4,1,Spr,1
2000,4,2,Spr,0
2000,4,3,Spr,0
2000,4,4,Spr,0
2000,4,5,Spr,5
2000,4,6,Spr,5
2000,4,7,Spr,5
2000,4,8,Spr,5
2000,4,9,Spr,5
2000,4,10,Spr,0
2000,4,11,Spr,1
2000,4,12,Spr,0
2000,4,13,Spr,0
2000,4,14,Spr,0
2000,4,15,Spr,1
2000,4,16,Spr,1
2000,4,17,Spr,1
2000,4,18,Spr,1
2000,4,19,Spr,1
2000,4,20,Spr,1
2000,4,21,Spr,1
2000,4,22,Spr,1
2000,4,23,Spr,1
2000,4,24,Spr,1
2000,4,25,Spr,0
2000,4,26,Spr,0
2000,4,27,Spr,4
2000,4,28,Spr,4
2000,4,29,Spr,4
2000,4,30,Spr,5
2000,5,1,Spr,5
2000,5,2,Spr,5
2000,5,3,Spr,5
2000,5,4,Spr,5
2000,5,5,Spr,5
2000,5,6,Spr,5
2000,5,7,Spr,5
2000,5,8,Spr,5
2000,5,9,Spr,5
2000,5,10,Spr,5
2000,5,11,Spr,4
2000,5,12,Spr,4
2000,5,13,Spr,4
2000,5,14,Spr,4
2000,5,15,Spr,3
2000,5,16,Spr,3
2000,5,17,Spr,2
2000,5,18,Spr,2
2000,5,19,Spr,0
2000,5,20,Spr,0
2000,5,21,Spr,2
2000,5,22,Spr,2
2000,5,23,Spr,3
2000,5,24,Spr,2
2000,5,25,Spr,2
2000,5,26,Spr,1
2000,5,27,Spr,1
2000,5,28,Spr,1
2000,5,29,Spr,0
2000,5,30,Spr,1
2000,5,31,Spr,4
2000,6,1,Summ,1
2000,6,2,Summ,0
2000,6,3,Summ,0
2000,6,4,Summ,4
2000,6,5,Summ,4
2000,6,6,Summ,3
2000,6,7,Summ,4
2000,6,8,Summ,1
2000,6,9,Summ,3
2000,6,10,Summ,1
2000,6,11,Summ,2
2000,6,12,Summ,2
2000,6,13,Summ,2
2000,6,14,Summ,2
2000,6,15,Summ,0
2000,6,16,Summ,4
2000,6,17,Summ,3
2000,6,18,Summ,3
2000,6,19,Summ,2
2000,6,20,Summ,4
2000,6,21,Summ,1
2000,6,22,Summ,1
2000,6,23,Summ,0
2000,6,24,Summ,0
2000,6,25,Summ,0
2000,6,26,Summ,4
2000,6,27,Summ,4
2000,6,28,Summ,4
2000,6,29,Summ,4
2000,6,30,Summ,4
2000,7,1,Summ,1
2000,7,2,Summ,4
2000,7,3,Summ,4
2000,7,4,Summ,0
2000,7,5,Summ,0
2000,7,6,Summ,0
2000,7,7,Summ,0
2000,7,8,Summ,2
2000,7,9,Summ,1
2000,7,10,Summ,0
2000,7,11,Summ,0
2000,7,12,Summ,2
2000,7,13,Summ,2
2000,7,14,Summ,0
2000,7,15,Summ,0
2000,7,16,Summ,5
2000,7,17,Summ,5
2000,7,18,Summ,5
2000,7,19,Summ,5
2000,7,20,Summ,5
2000,7,21,Summ,5
2000,7,22,Summ,5
2000,7,23,Summ,4
2000,7,24,Summ,4
2000,7,25,Summ,0
2000,7,26,Summ,1
2000,7,27,Summ,1
2000,7,28,Summ,1
2000,7,29,Summ,0
2000,7,30,Summ,4
2000,7,31,Summ,4
2000,8,1,Summ,1
2000,8,2,Summ,0
2000,8,3,Summ,2
2000,8,4,Summ,2
2000,8,5,Summ,2
2000,8,6,Summ,0
2000,8,7,Summ,0
2000,8,8,Summ,4
2000,8,9,Summ,2
2000,8,10,Summ,0
2000,8,11,Summ,4
2000,8,12,Summ,3
2000,8,13,Summ,3
2000,8,14,Summ,3
2000,8,15,Summ,2
2000,8,16,Summ,1
2000,8,17,Summ,1
2000,8,18,Summ,1
2000,8,19,Summ,0
2000,8,20,Summ,0
2000,8,21,Summ,4
2000,8,22,Summ,5
2000,8,23,Summ,5
2000,8,24,Summ,5
2000,8,25,Summ,5
2000,8,26,Summ,3
2000,8,27,Summ,3
2000,8,28,Summ,4
2000,8,29,Summ,4
2000,8,30,Summ,4
2000,8,31,Summ,1
2000,9,1,Aut,0
2000,9,2,Aut,0
2000,9,3,Aut,4
2000,9,4,Aut,3
2000,9,5,Aut,3
2000,9,6,Aut,2
2000,9,7,Aut,2
2000,9,8,Aut,2
2000,9,9,Aut,2
2000,9,10,Aut,0
2000,9,11,Aut,4
2000,9,12,Aut,4
2000,9,13,Aut,3
2000,9,14,Aut,3
2000,9,15,Aut,3
2000,9,16,Aut,2
2000,9,17,Aut,1
2000,9,18,Aut,1
2000,9,19,Aut,1
2000,9,20,Aut,3
2000,9,21,Aut,3
2000,9,22,Aut,3
2000,9,23,Aut,3
2000,9,24,Aut,3
2000,9,25,Aut,4
2000,9,26,Aut,3
2000,9,27,Aut,3
2000,9,28,Aut,1
2000,9,29,Aut,1
2000,9,30,Aut,3
2000,10,1,Aut,1
2000,10,2,Aut,3
2000,10,3,Aut,3
2000,10,4,Aut,2
2000,10,5,Aut,2
2000,10,6,Aut,5
2000,10,7,Aut,3
2000,10,8,Aut,2
2000,10,9,Aut,1
2000,10,10,Aut,1
2000,10,11,Aut,1
2000,10,12,Aut,0
2000,10,13,Aut,3
2000,10,14,Aut,3
2000,10,15,Aut,3
2000,10,16,Aut,3
2000,10,17,Aut,3
2000,10,18,Aut,3
2000,10,19,Aut,3
2000,10,20,Aut,3
2000,10,21,Aut,2
2000,10,22,Aut,3
2000,10,23,Aut,1
2000,10,24,Aut,2
2000,10,25,Aut,2
2000,10,26,Aut,4
2000,10,27,Aut,3
2000,10,28,Aut,3
2000,10,29,Aut,1
2000,10,30,Aut,1
2000,10,31,Aut,1
2000,11,1,Aut,1
2000,11,2,Aut,1
2000,11,3,Aut,1
2000,11,4,Aut,1
2000,11,5,Aut,1
2000,11,6,Aut,0
2000,11,7,Aut,0
2000,11,8,Aut,0
2000,11,9,Aut,0
2000,11,10,Aut,1
2000,11,11,Aut,1
2000,11,12,Aut,1
2000,11,13,Aut,1
2000,11,14,Aut,0
2000,11,15,Aut,3
2000,11,16,Aut,2
2000,11,17,Aut,2
2000,11,18,Aut,1
2000,11,19,Aut,1
2000,11,20,Aut,1
2000,11,21,Aut,1
2000,11,22,Aut,1
2000,11,23,Aut,1
2000,11,24,Aut,1
2000,11,25,Aut,1
2000,11,26,Aut,1
2000,11,27,Aut,1
2000,11,28,Aut,3
2000,11,29,Aut,1
2000,11,30,Aut,3
2000,12,1,Wint,3
2000,12,2,Wint,1
2000,12,3,Wint,3
2000,12,4,Wint,3
2000,12,5,Wint,1
2000,12,6,Wint,1
2000,12,7,Wint,1
2000,12,8,Wint,1
2000,12,9,Wint,1
2000,12,10,Wint,1
2000,12,11,Wint,1
2000,12,12,Wint,1
2000,12,13,Wint,1
2000,12,14,Wint,0
2000,12,15,Wint,0
2000,12,16,Wint,0
2000,12,17,Wint,4
2000,12,18,Wint,4
2000,12,19,Wint,3
2000,12,20,Wint,3
2000,12,21,Wint,4
2000,12,22,Wint,4
2000,12,23,Wint,4
2000,12,24,Wint,4
2000,12,25,Wint,4
2000,12,26,Wint,0
2000,12,27,Wint,0
2000,12,28,Wint,0
2000,12,29,Wint,0
2000,12,30,Wint,0
2000,12,31,Wint,1
2001,1,1,Wint,1
2001,1,2,Wint,1
2001,1,3,Wint,1
2001,1,4,Wint,1
2001,1,5,Wint,1
2001,1,6,Wint,1
2001,1,7,Wint,1
2001,1,8,Wint,0
2001,1,9,Wint,4
2001,1,10,Wint,4
2001,1,11,Wint,5
2001,1,12,Wint,5
2001,1,13,Wint,5
2001,1,14,Wint,5
2001,1,15,Wint,5
2001,1,16,Wint,5
2001,1,17,Wint,4
2001,1,18,Wint,5
2001,1,19,Wint,3
2001,1,20,Wint,4
2001,1,21,Wint,3
2001,1,22,Wint,3
2001,1,23,Wint,3
2001,1,24,Wint,1
2001,1,25,Wint,1
2001,1,26,Wint,1
2001,1,27,Wint,3
2001,1,28,Wint,0
2001,1,29,Wint,4
2001,1,30,Wint,3
2001,1,31,Wint,4
2001,2,1,Wint,3
2001,2,2,Wint,3
2001,2,3,Wint,4
2001,2,4,Wint,1
2001,2,5,Wint,1
2001,2,6,Wint,1
2001,2,7,Wint,1
2001,2,8,Wint,0
2001,2,9,Wint,4
2001,2,10,Wint,3
2001,2,11,Wint,2
2001,2,12,Wint,2
2001,2,13,Wint,5
2001,2,14,Wint,5
2001,2,15,Wint,5
2001,2,16,Wint,5
2001,2,17,Wint,5
2001,2,18,Wint,5
2001,2,19,Wint,5
2001,2,20,Wint,5
2001,2,21,Wint,5
2001,2,22,Wint,0
2001,2,23,Wint,0
2001,2,24,Wint,0
2001,2,25,Wint,0
2001,2,26,Wint,1
2001,2,27,Wint,0
2001,2,28,Wint,0
2001,3,1,Spr,4
2001,3,2,Spr,4
2001,3,3,Spr,1
2001,3,4,Spr,1
2001,3,5,Spr,3
2001,3,6,Spr,4
2001,3,7,Spr,3
2001,3,8,Spr,3
2001,3,9,Spr,3
2001,3,10,Spr,1
2001,3,11,Spr,1
2001,3,12,Spr,1
2001,3,13,Spr,1
2001,3,14,Spr,1
2001,3,15,Spr,4
2001,3,16,Spr,4
2001,3,17,Spr,4
2001,3,18,Spr,4
2001,3,19,Spr,4
2001,3,20,Spr,4
2001,3,21,Spr,4
2001,3,22,Spr,4
2001,3,23,Spr,4
2001,3,24,Spr,4
2001,3,25,Spr,4
2001,3,26,Spr,4
2001,3,27,Spr,3
2001,3,28,Spr,1
2001,3,29,Spr,1
2001,3,30,Spr,3
2001,3,31,Spr,2
2001,4,1,Spr,2
2001,4,2,Spr,1
2001,4,3,Spr,1
2001,4,4,Spr,1
2001,4,5,Spr,1
2001,4,6,Spr,1
2001,4,7,Spr,0
2001,4,8,Spr,1
2001,4,9,Spr,1
2001,4,10,Spr,0
2001,4,11,Spr,4
2001,4,12,Spr,4
2001,4,13,Spr,5
2001,4,14,Spr,2
2001,4,15,Spr,0
2001,4,16,Spr,0
2001,4,17,Spr,0
2001,4,18,Spr,0
2001,4,19,Spr,0
2001,4,20,Spr,5
2001,4,21,Spr,3
2001,4,22,Spr,3
2001,4,23,Spr,4
2001,4,24,Spr,1
2001,4,25,Spr,1
2001,4,26,Spr,4
2001,4,27,Spr,3
2001,4,28,Spr,1
2001,4,29,Spr,0
2001,4,30,Spr,0
2001,5,1,Spr,5
2001,5,2,Spr,5
2001,5,3,Spr,0
2001,5,4,Spr,0
2001,5,5,Spr,5
2001,5,6,Spr,5
2001,5,7,Spr,5
2001,5,8,Spr,5
2001,5,9,Spr,5
2001,5,10,Spr,4
2001,5,11,Spr,4
2001,5,12,Spr,4
2001,5,13,Spr,4
2001,5,14,Spr,4
2001,5,15,Spr,1
2001,5,16,Spr,1
2001,5,17,Spr,0
2001,5,18,Spr,0
2001,5,19,Spr,2
2001,5,20,Spr,5
2001,5,21,Spr,5
2001,5,22,Spr,5
2001,5,23,Spr,4
2001,5,24,Spr,4
2001,5,25,Spr,3
2001,5,26,Spr,2
2001,5,27,Spr,2
2001,5,28,Spr,2
2001,5,29,Spr,2
2001,5,30,Spr,2
2001,5,31,Spr,2
2001,6,1,Summ,2
2001,6,2,Summ,0
2001,6,3,Summ,5
2001,6,4,Summ,2
2001,6,5,Summ,2
2001,6,6,Summ,1
2001,6,7,Summ,0
2001,6,8,Summ,0
2001,6,9,Summ,0
2001,6,10,Summ,0
2001,6,11,Summ,0
2001,6,12,Summ,4
2001,6,13,Summ,4
2001,6,14,Summ,4
2001,6,15,Summ,1
2001,6,16,Summ,0
2001,6,17,Summ,0
2001,6,18,Summ,4
2001,6,19,Summ,3
2001,6,20,Summ,2
2001,6,21,Summ,0
2001,6,22,Summ,4
2001,6,23,Summ,4
2001,6,24,Summ,4
2001,6,25,Summ,4
2001,6,26,Summ,4
2001,6,27,Summ,1
2001,6,28,Summ,1
2001,6,29,Summ,1
2001,6,30,Summ,2
2001,7,1,Summ,2
2001,7,2,Summ,5
2001,7,3,Summ,3
2001,7,4,Summ,0
2001,7,5,Summ,5
2001,7,6,Summ,0
2001,7,7,Summ,0
2001,7,8,Summ,1
2001,7,9,Summ,1
2001,7,10,Summ,1
2001,7,11,Summ,1
2001,7,12,Summ,1
2001,7,13,Summ,0
2001,7,14,Summ,0
2001,7,15,Summ,0
2001,7,16,Summ,4
2001,7,17,Summ,4
2001,7,18,Summ,0
2001,7,19,Summ,0
2001,7,20,Summ,1
2001,7,21,Summ,1
2001,7,22,Summ,1
2001,7,23,Summ,3
2001,7,24,Summ,3
2001,7,25,Summ,5
2001,7,26,Summ,4
2001,7,27,Summ,4
2001,7,28,Summ,5
2001,7,29,Summ,2
2001,7,30,Summ,2
2001,7,31,Summ,5
2001,8,1,Summ,5
2001,8,2,Summ,3
2001,8,3,Summ,1
2001,8,4,Summ,1
2001,8,5,Summ,1
2001,8,6,Summ,1
2001,8,7,Summ,1
2001,8,8,Summ,0
2001,8,9,Summ,0
2001,8,10,Summ,2
2001,8,11,Summ,2
2001,8,12,Summ,2
2001,8,13,Summ,2
2001,8,14,Summ,3
2001,8,15,Summ,3
2001,8,16,Summ,2
2001,8,17,Summ,2
2001,8,18,Summ,4
2001,8,19,Summ,3
2001,8,20,Summ,3
2001,8,21,Summ,3
2001,8,22,Summ,3
2001,8,23,Summ,3
2001,8,24,Summ,3
2001,8,25,Summ,3
2001,8,26,Summ,0
2001,8,27,Summ,5
2001,8,28,Summ,5
2001,8,29,Summ,3
2001,8,30,Summ,0
2001,8,31,Summ,0
2001,9,1,Aut,2
2001,9,2,Aut,2
2001,9,3,Aut,0
2001,9,4,Aut,0
2001,9,5,Aut,2
2001,9,6,Aut,2
2001,9,7,Aut,2
2001,9,8,Aut,0
2001,9,9,Aut,0
2001,9,10,Aut,5
2001,9,11,Aut,5
2001,9,12,Aut,2
2001,9,13,Aut,0
2001,9,14,Aut,2
2001,9,15,Aut,2
2001,9,16,Aut,0
2001,9,17,Aut,5
2001,9,18,Aut,5
2001,9,19,Aut,4
2001,9,20,Aut,0
2001,9,21,Aut,4
2001,9,22,Aut,4
2001,9,23,Aut,4
2001,9,24,Aut,4
2001,9,25,Aut,4
2001,9,26,Aut,4
2001,9,27,Aut,4
2001,9,28,Aut,4
2001,9,29,Aut,4
2001,9,30,Aut,3
2001,10,1,Aut,1
2001,10,2,Aut,1
2001,10,3,Aut,2
2001,10,4,Aut,1
2001,10,5,Aut,1
2001,10,6,Aut,1
2001,10,7,Aut,1
2001,10,8,Aut,1
2001,10,9,Aut,2
2001,10,10,Aut,2
2001,10,11,Aut,5
2001,10,12,Aut,2
2001,10,13,Aut,5
2001,10,14,Aut,3
2001,10,15,Aut,3
2001,10,16,Aut,3
2001,10,17,Aut,4
2001,10,18,Aut,4
2001,10,19,Aut,4
2001,10,20,Aut,4
2001,10,21,Aut,4
2001,10,22,Aut,4
2001,10,23,Aut,3
2001,10,24,Aut,3
2001,10,25,Aut,3
2001,10,26,Aut,1
2001,10,27,Aut,1
2001,10,28,Aut,5
2001,10,29,Aut,2
2001,10,30,Aut,1
2001,10,31,Aut,0
2001,11,1,Aut,5
2001,11,2,Aut,5
2001,11,3,Aut,2
2001,11,4,Aut,0
2001,11,5,Aut,2
2001,11,6,Aut,0
2001,11,7,Aut,0
2001,11,8,Aut,0
2001,11,9,Aut,5
2001,11,10,Aut,2
2001,11,11,Aut,0
2001,11,12,Aut,0
2001,11,13,Aut,0
2001,11,14,Aut,5
2001,11,15,Aut,5
2001,11,16,Aut,5
2001,11,17,Aut,5
2001,11,18,Aut,5
2001,11,19,Aut,5
2001,11,20,Aut,2
2001,11,21,Aut,2
2001,11,22,Aut,0
2001,11,23,Aut,5
2001,11,24,Aut,5
2001,11,25,Aut,2
2001,11,26,Aut,5
2001,11,27,Aut,2
2001,11,28,Aut,2
2001,11,29,Aut,2
2001,11,30,Aut,3
2001,12,1,Wint,2
2001,12,2,Wint,3
2001,12,3,Wint,3
2001,12,4,Wint,2
2001,12,5,Wint,3
2001,12,6,Wint,5
2001,12,7,Wint,3
2001,12,8,Wint,5
2001,12,9,Wint,5
2001,12,10,Wint,5
2001,12,11,Wint,5
2001,12,12,Wint,5
2001,12,13,Wint,4
2001,12,14,Wint,5
2001,12,15,Wint,5
2001,12,16,Wint,5
2001,12,17,Wint,5
2001,12,18,Wint,5
2001,12,19,Wint,0
2001,12,20,Wint,0
2001,12,21,Wint,0
2001,12,22,Wint,0
2001,12,23,Wint,2
2001,12,24,Wint,0
2001,12,25,Wint,0
2001,12,26,Wint,0
2001,12,27,Wint,1
2001,12,28,Wint,1
2001,12,29,Wint,1
2001,12,30,Wint,0
2001,12,31,Wint,5
2002,1,1,Wint,5
2002,1,2,Wint,4
2002,1,3,Wint,3
2002,1,4,Wint,3
2002,1,5,Wint,5
2002,1,6,Wint,5
2002,1,7,Wint,5
2002,1,8,Wint,5
2002,1,9,Wint,5
2002,1,10,Wint,5
2002,1,11,Wint,2
2002,1,12,Wint,3
2002,1,13,Wint,2
2002,1,14,Wint,2
2002,1,15,Wint,2
2002,1,16,Wint,2
2002,1,17,Wint,2
2002,1,18,Wint,3
2002,1,19,Wint,2
2002,1,20,Wint,1
2002,1,21,Wint,1
2002,1,22,Wint,1
2002,1,23,Wint,1
2002,1,24,Wint,0
2002,1,25,Wint,1
2002,1,26,Wint,1
2002,1,27,Wint,1
2002,1,28,Wint,1
2002,1,29,Wint,1
2002,1,30,Wint,1
2002,1,31,Wint,1
2002,2,1,Wint,1
2002,2,2,Wint,2
2002,2,3,Wint,3
2002,2,4,Wint,1
2002,2,5,Wint,1
2002,2,6,Wint,0
2002,2,7,Wint,2
2002,2,8,Wint,2
2002,2,9,Wint,1
2002,2,10,Wint,1
2002,2,11,Wint,1
2002,2,12,Wint,1
2002,2,13,Wint,5
2002,2,14,Wint,5
2002,2,15,Wint,5
2002,2,16,Wint,5
2002,2,17,Wint,2
2002,2,18,Wint,2
2002,2,19,Wint,2
2002,2,20,Wint,0
2002,2,21,Wint,2
2002,2,22,Wint,2
2002,2,23,Wint,0
2002,2,24,Wint,2
2002,2,25,Wint,1
2002,2,26,Wint,1
2002,2,27,Wint,1
2002,2,28,Wint,0
2002,3,1,Spr,0
2002,3,2,Spr,5
2002,3,3,Spr,5
2002,3,4,Spr,2
2002,3,5,Spr,2
2002,3,6,Spr,2
2002,3,7,Spr,0
2002,3,8,Spr,2
2002,3,9,Spr,2
2002,3,10,Spr,1
2002,3,11,Spr,1
2002,3,12,Spr,0
2002,3,13,Spr,5
2002,3,14,Spr,4
2002,3,15,Spr,4
2002,3,16,Spr,3
2002,3,17,Spr,1
2002,3,18,Spr,1
2002,3,19,Spr,1
2002,3,20,Spr,4
2002,3,21,Spr,4
2002,3,22,Spr,4
2002,3,23,Spr,4
2002,3,24,Spr,3
2002,3,25,Spr,5
2002,3,26,Spr,5
2002,3,27,Spr,5
2002,3,28,Spr,5
2002,3,29,Spr,5
2002,3,30,Spr,3
2002,3,31,Spr,3
2002,4,1,Spr,3
2002,4,2,Spr,3
2002,4,3,Spr,3
2002,4,4,Spr,3
2002,4,5,Spr,4
2002,4,6,Spr,4
2002,4,7,Spr,5
2002,4,8,Spr,5
2002,4,9,Spr,5
2002,4,10,Spr,5
2002,4,11,Spr,0
2002,4,12,Spr,0
2002,4,13,Spr,5
2002,4,14,Spr,5
2002,4,15,Spr,4
2002,4,16,Spr,3
2002,4,17,Spr,3
2002,4,18,Spr,4
2002,4,19,Spr,4
2002,4,20,Spr,3
2002,4,21,Spr,3
2002,4,22,Spr,2
2002,4,23,Spr,5
2002,4,24,Spr,3
2002,4,25,Spr,2
2002,4,26,Spr,1
2002,4,27,Spr,2
2002,4,28,Spr,1
2002,4,29,Spr,1
2002,4,30,Spr,1
2002,5,1,Spr,1
2002,5,2,Spr,0
2002,5,3,Spr,0
2002,5,4,Spr,0
2002,5,5,Spr,5
2002,5,6,Spr,5
2002,5,7,Spr,5
2002,5,8,Spr,0
2002,5,9,Spr,4
2002,5,10,Spr,1
2002,5,11,Spr,1
2002,5,12,Spr,1
2002,5,13,Spr,1
2002,5,14,Spr,1
2002,5,15,Spr,1
2002,5,16,Spr,4
2002,5,17,Spr,4
2002,5,18,Spr,4
2002,5,19,Spr,3
2002,5,20,Spr,3
2002,5,21,Spr,3
2002,5,22,Spr,1
2002,5,23,Spr,3
2002,5,24,Spr,1
2002,5,25,Spr,1
2002,5,26,Spr,1
2002,5,27,Spr,1
2002,5,28,Spr,3
2002,5,29,Spr,3
2002,5,30,Spr,2
2002,5,31,Spr,5
2002,6,1,Summ,3
2002,6,2,Summ,3
2002,6,3,Summ,1
2002,6,4,Summ,1
2002,6,5,Summ,4
2002,6,6,Summ,3
2002,6,7,Summ,3
2002,6,8,Summ,3
2002,6,9,Summ,1
2002,6,10,Summ,1
2002,6,11,Summ,1
2002,6,12,Summ,1
2002,6,13,Summ,1
2002,6,14,Summ,1
2002,6,15,Summ,1
2002,6,16,Summ,4
2002,6,17,Summ,3
2002,6,18,Summ,2
2002,6,19,Summ,2
2002,6,20,Summ,4
2002,6,21,Summ,1
2002,6,22,Summ,1
2002,6,23,Summ,0
2002,6,24,Summ,2
2002,6,25,Summ,2
2002,6,26,Summ,2
2002,6,27,Summ,0
2002,6,28,Summ,0
2002,6,29,Summ,0
2002,6,30,Summ,2
2002,7,1,Summ,1
2002,7,2,Summ,1
2002,7,3,Summ,0
2002,7,4,Summ,0
2002,7,5,Summ,0
2002,7,6,Summ,2
2002,7,7,Summ,2
2002,7,8,Summ,1
2002,7,9,Summ,1
2002,7,10,Summ,1
2002,7,11,Summ,1
2002,7,12,Summ,3
2002,7,13,Summ,3
2002,7,14,Summ,5
2002,7,15,Summ,5
2002,7,16,Summ,5
2002,7,17,Summ,5
2002,7,18,Summ,5
2002,7,19,Summ,0
2002,7,20,Summ,0
2002,7,21,Summ,5
2002,7,22,Summ,2
2002,7,23,Summ,2
2002,7,24,Summ,2
2002,7,25,Summ,2
2002,7,26,Summ,2
2002,7,27,Summ,3
2002,7,28,Summ,2
2002,7,29,Summ,4
2002,7,30,Summ,0
2002,7,31,Summ,0
2002,8,1,Summ,4
2002,8,2,Summ,4
2002,8,3,Summ,4
2002,8,4,Summ,4
2002,8,5,Summ,3
2002,8,6,Summ,3
2002,8,7,Summ,3
2002,8,8,Summ,1
2002,8,9,Summ,0
2002,8,10,Summ,0
2002,8,11,Summ,0
2002,8,12,Summ,0
2002,8,13,Summ,2
2002,8,14,Summ,4
2002,8,15,Summ,3
2002,8,16,Summ,3
2002,8,17,Summ,3
2002,8,18,Summ,3
2002,8,19,Summ,3
2002,8,20,Summ,5
2002,8,21,Summ,5
2002,8,22,Summ,5
2002,8,23,Summ,3
2002,8,24,Summ,5
2002,8,25,Summ,5
2002,8,26,Summ,5
2002,8,27,Summ,5
2002,8,28,Summ,2
2002,8,29,Summ,2
2002,8,30,Summ,2
2002,8,31,Summ,0
2002,9,1,Aut,5
2002,9,2,Aut,5
2002,9,3,Aut,3
2002,9,4,Aut,3
2002,9,5,Aut,1
2002,9,6,Aut,1
2002,9,7,Aut,0
2002,9,8,Aut,4
2002,9,9,Aut,4
2002,9,10,Aut,4
2002,9,11,Aut,4
2002,9,12,Aut,4
2002,9,13,Aut,4
2002,9,14,Aut,5
2002,9,15,Aut,5
2002,9,16,Aut,5
2002,9,17,Aut,0
2002,9,18,Aut,4
2002,9,19,Aut,4
2002,9,20,Aut,5
2002,9,21,Aut,0
2002,9,22,Aut,5
2002,9,23,Aut,5
2002,9,24,Aut,5
2002,9,25,Aut,5
2002,9,26,Aut,5
2002,9,27,Aut,5
2002,9,28,Aut,5
2002,9,29,Aut,4
2002,9,30,Aut,4
2002,10,1,Aut,4
2002,10,2,Aut,3
2002,10,3,Aut,2
2002,10,4,Aut,2
2002,10,5,Aut,5
2002,10,6,Aut,4
2002,10,7,Aut,3
2002,10,8,Aut,3
2002,10,9,Aut,3
2002,10,10,Aut,3
2002,10,11,Aut,3
2002,10,12,Aut,3
2002,10,13,Aut,3
2002,10,14,Aut,4
2002,10,15,Aut,1
2002,10,16,Aut,0
2002,10,17,Aut,0
2002,10,18,Aut,0
2002,10,19,Aut,0
2002,10,20,Aut,4
2002,10,21,Aut,1
2002,10,22,Aut,1
2002,10,23,Aut,1
2002,10,24,Aut,1
2002,10,25,Aut,1
2002,10,26,Aut,2
2002,10,27,Aut,0
2002,10,28,Aut,2
2002,10,29,Aut,2
2002,10,30,Aut,5
2002,10,31,Aut,4
2002,11,1,Aut,3
2002,11,2,Aut,3
2002,11,3,Aut,3
2002,11,4,Aut,3
2002,11,5,Aut,3
2002,11,6,Aut,2
2002,11,7,Aut,2
2002,11,8,Aut,1
2002,11,9,Aut,1
2002,11,10,Aut,3
2002,11,11,Aut,3
2002,11,12,Aut,1
2002,11,13,Aut,1
2002,11,14,Aut,1
2002,11,15,Aut,0
2002,11,16,Aut,0
2002,11,17,Aut,4
2002,11,18,Aut,4
2002,11,19,Aut,3
2002,11,20,Aut,4
2002,11,21,Aut,3
2002,11,22,Aut,1
2002,11,23,Aut,3
2002,11,24,Aut,3
2002,11,25,Aut,3
2002,11,26,Aut,4
2002,11,27,Aut,3
2002,11,28,Aut,3
2002,11,29,Aut,3
2002,11,30,Aut,3
2002,12,1,Wint,1
2002,12,2,Wint,1
2002,12,3,Wint,3
2002,12,4,Wint,3
2002,12,5,Wint,5
2002,12,6,Wint,5
2002,12,7,Wint,5
2002,12,8,Wint,4
2002,12,9,Wint,4
2002,12,10,Wint,4
2002,12,11,Wint,4
2002,12,12,Wint,4
2002,12,13,Wint,4
2002,12,14,Wint,4
2002,12,15,Wint,4
2002,12,16,Wint,5
2002,12,17,Wint,5
2002,12,18,Wint,5
2002,12,19,Wint,5
2002,12,20,Wint,4
2002,12,21,Wint,4
2002,12,22,Wint,3
2002,12,23,Wint,3
2002,12,24,Wint,3
2002,12,25,Wint,3
2002,12,26,Wint,3
2002,12,27,Wint,1
2002,12,28,Wint,1
2002,12,29,Wint,4
2002,12,30,Wint,4
2002,12,31,Wint,4
2003,1,1,Wint,1
2003,1,2,Wint,1
2003,1,3,Wint,4
2003,1,4,Wint,4
2003,1,5,Wint,4
2003,1,6,Wint,4
2003,1,7,Wint,4
2003,1,8,Wint,4
2003,1,9,Wint,5
2003,1,10,Wint,5
2003,1,11,Wint,5
2003,1,12,Wint,2
2003,1,13,Wint,2
2003,1,14,Wint,2
2003,1,15,Wint,2
2003,1,16,Wint,2
2003,1,17,Wint,2
2003,1,18,Wint,1
2003,1,19,Wint,1
2003,1,20,Wint,1
2003,1,21,Wint,1
2003,1,22,Wint,0
2003,1,23,Wint,5
2003,1,24,Wint,2
2003,1,25,Wint,2
2003,1,26,Wint,2
2003,1,27,Wint,2
2003,1,28,Wint,0
2003,1,29,Wint,0
2003,1,30,Wint,0
2003,1,31,Wint,5
2003,2,1,Wint,2
2003,2,2,Wint,2
2003,2,3,Wint,1
2003,2,4,Wint,0
2003,2,5,Wint,0
2003,2,6,Wint,3
2003,2,7,Wint,2
2003,2,8,Wint,2
2003,2,9,Wint,5
2003,2,10,Wint,3
2003,2,11,Wint,5
2003,2,12,Wint,5
2003,2,13,Wint,5
2003,2,14,Wint,5
2003,2,15,Wint,5
2003,2,16,Wint,3
2003,2,17,Wint,5
2003,2,18,Wint,3
2003,2,19,Wint,3
2003,2,20,Wint,3
2003,2,21,Wint,3
2003,2,22,Wint,4
2003,2,23,Wint,3
2003,2,24,Wint,5
2003,2,25,Wint,3
2003,2,26,Wint,4
2003,2,27,Wint,4
2003,2,28,Wint,3
2003,3,1,Spr,3
2003,3,2,Spr,3
2003,3,3,Spr,3
2003,3,4,Spr,3
2003,3,5,Spr,3
2003,3,6,Spr,2
2003,3,7,Spr,1
2003,3,8,Spr,1
2003,3,9,Spr,1
2003,3,10,Spr,2
2003,3,11,Spr,0
2003,3,12,Spr,5
2003,3,13,Spr,5
2003,3,14,Spr,4
2003,3,15,Spr,5
2003,3,16,Spr,5
2003,3,17,Spr,5
2003,3,18,Spr,5
2003,3,19,Spr,5
2003,3,20,Spr,5
2003,3,21,Spr,5
2003,3,22,Spr,5
2003,3,23,Spr,5
2003,3,24,Spr,5
2003,3,25,Spr,5
2003,3,26,Spr,5
2003,3,27,Spr,5
2003,3,28,Spr,3
2003,3,29,Spr,2
2003,3,30,Spr,0
2003,3,31,Spr,5
2003,4,1,Spr,2
2003,4,2,Spr,0
2003,4,3,Spr,5
2003,4,4,Spr,5
2003,4,5,Spr,5
2003,4,6,Spr,5
2003,4,7,Spr,5
2003,4,8,Spr,5
2003,4,9,Spr,4
2003,4,10,Spr,4
2003,4,11,Spr,1
2003,4,12,Spr,4
2003,4,13,Spr,4
2003,4,14,Spr,3
2003,4,15,Spr,4
2003,4,16,Spr,4
2003,4,17,Spr,4
2003,4,18,Spr,5
2003,4,19,Spr,5
2003,4,20,Spr,4
2003,4,21,Spr,4
2003,4,22,Spr,4
2003,4,23,Spr,4
2003,4,24,Spr,4
2003,4,25,Spr,4
2003,4,26,Spr,1
2003,4,27,Spr,1
2003,4,28,Spr,1
2003,4,29,Spr,1
2003,4,30,Spr,1
2003,5,1,Spr,1
2003,5,2,Spr,1
2003,5,3,Spr,1
2003,5,4,Spr,1
2003,5,5,Spr,1
2003,5,6,Spr,2
2003,5,7,Spr,2
2003,5,8,Spr,2
2003,5,9,Spr,2
2003,5,10,Spr,2
2003,5,11,Spr,3
2003,5,12,Spr,1
2003,5,13,Spr,0
2003,5,14,Spr,0
2003,5,15,Spr,4
2003,5,16,Spr,4
2003,5,17,Spr,1
2003,5,18,Spr,1
2003,5,19,Spr,1
2003,5,20,Spr,1
2003,5,21,Spr,2
2003,5,22,Spr,1
2003,5,23,Spr,1
2003,5,24,Spr,0
2003,5,25,Spr,0
2003,5,26,Spr,2
2003,5,27,Spr,5
2003,5,28,Spr,3
2003,5,29,Spr,5
2003,5,30,Spr,4
2003,5,31,Spr,4
2003,6,1,Summ,3
2003,6,2,Summ,3
2003,6,3,Summ,3
2003,6,4,Summ,3
2003,6,5,Summ,3
2003,6,6,Summ,3
2003,6,7,Summ,3
2003,6,8,Summ,3
2003,6,9,Summ,4
2003,6,10,Summ,1
2003,6,11,Summ,1
2003,6,12,Summ,2
2003,6,13,Summ,4
2003,6,14,Summ,4
2003,6,15,Summ,4
2003,6,16,Summ,4
2003,6,17,Summ,3
2003,6,18,Summ,3
2003,6,19,Summ,2
2003,6,20,Summ,2
2003,6,21,Summ,4
2003,6,22,Summ,4
2003,6,23,Summ,0
2003,6,24,Summ,4
2003,6,25,Summ,4
2003,6,26,Summ,3
2003,6,27,Summ,3
2003,6,28,Summ,4
2003,6,29,Summ,4
2003,6,30,Summ,4
2003,7,1,Summ,0
2003,7,2,Summ,0
2003,7,3,Summ,0
2003,7,4,Summ,0
2003,7,5,Summ,0
2003,7,6,Summ,2
2003,7,7,Summ,2
2003,7,8,Summ,4
2003,7,9,Summ,4
2003,7,10,Summ,3
2003,7,11,Summ,2
2003,7,12,Summ,5
2003,7,13,Summ,3
2003,7,14,Summ,3
2003,7,15,Summ,4
2003,7,16,Summ,4
2003,7,17,Summ,4
2003,7,18,Summ,4
2003,7,19,Summ,1
2003,7,20,Summ,1
2003,7,21,Summ,1
2003,7,22,Summ,3
2003,7,23,Summ,3
2003,7,24,Summ,3
2003,7,25,Summ,3
2003,7,26,Summ,1
2003,7,27,Summ,3
2003,7,28,Summ,3
2003,7,29,Summ,3
2003,7,30,Summ,3
2003,7,31,Summ,3
2003,8,1,Summ,3
2003,8,2,Summ,2
2003,8,3,Summ,5
2003,8,4,Summ,4
2003,8,5,Summ,4
2003,8,6,Summ,5
2003,8,7,Summ,4
2003,8,8,Summ,4
2003,8,9,Summ,3
2003,8,10,Summ,5
2003,8,11,Summ,5
2003,8,12,Summ,5
2003,8,13,Summ,0
2003,8,14,Summ,0
2003,8,15,Summ,5
2003,8,16,Summ,5
2003,8,17,Summ,3
2003,8,18,Summ,3
2003,8,19,Summ,2
2003,8,20,Summ,2
2003,8,21,Summ,2
2003,8,22,Summ,2
2003,8,23,Summ,4
2003,8,24,Summ,4
2003,8,25,Summ,4
2003,8,26,Summ,0
2003,8,27,Summ,0
2003,8,28,Summ,0
2003,8,29,Summ,0
2003,8,30,Summ,0
2003,8,31,Summ,0
2003,9,1,Aut,5
2003,9,2,Aut,5
2003,9,3,Aut,5
2003,9,4,Aut,5
2003,9,5,Aut,3
2003,9,6,Aut,3
2003,9,7,Aut,3
2003,9,8,Aut,3
2003,9,9,Aut,3
2003,9,10,Aut,3
2003,9,11,Aut,3
2003,9,12,Aut,5
2003,9,13,Aut,3
2003,9,14,Aut,5
2003,9,15,Aut,5
2003,9,16,Aut,5
2003,9,17,Aut,3
2003,9,18,Aut,1
2003,9,19,Aut,0
2003,9,20,Aut,5
2003,9,21,Aut,2
2003,9,22,Aut,0
2003,9,23,Aut,0
2003,9,24,Aut,2
2003,9,25,Aut,2
2003,9,26,Aut,0
2003,9,27,Aut,0
2003,9,28,Aut,3
2003,9,29,Aut,1
2003,9,30,Aut,4
2003,10,1,Aut,5
2003,10,2,Aut,5
2003,10,3,Aut,0
2003,10,4,Aut,0
2003,10,5,Aut,2
2003,10,6,Aut,2
2003,10,7,Aut,0
2003,10,8,Aut,2
2003,10,9,Aut,2
2003,10,10,Aut,2
2003,10,11,Aut,4
2003,10,12,Aut,4
2003,10,13,Aut,4
2003,10,14,Aut,4
2003,10,15,Aut,4
2003,10,16,Aut,4
2003,10,17,Aut,4
2003,10,18,Aut,4
2003,10,19,Aut,0
2003,10,20,Aut,0
2003,10,21,Aut,0
2003,10,22,Aut,4
2003,10,23,Aut,0
2003,10,24,Aut,0
2003,10,25,Aut,0
2003,10,26,Aut,5
2003,10,27,Aut,5
2003,10,28,Aut,2
2003,10,29,Aut,1
2003,10,30,Aut,1
2003,10,31,Aut,0
2003,11,1,Aut,1
2003,11,2,Aut,1
2003,11,3,Aut,1
2003,11,4,Aut,3
2003,11,5,Aut,3
2003,11,6,Aut,5
2003,11,7,Aut,3
2003,11,8,Aut,4
2003,11,9,Aut,3
2003,11,10,Aut,3
2003,11,11,Aut,3
2003,11,12,Aut,3
2003,11,13,Aut,3
2003,11,14,Aut,3
2003,11,15,Aut,0
2003,11,16,Aut,0
2003,11,17,Aut,2
2003,11,18,Aut,2
2003,11,19,Aut,2
2003,11,20,Aut,2
2003,11,21,Aut,1
2003,11,22,Aut,1
2003,11,23,Aut,5
2003,11,24,Aut,3
2003,11,25,Aut,3
2003,11,26,Aut,1
2003,11,27,Aut,1
2003,11,28,Aut,3
2003,11,29,Aut,3
2003,11,30,Aut,1
2003,12,1,Wint,0
2003,12,2,Wint,5
2003,12,3,Wint,5
2003,12,4,Wint,5
2003,12,5,Wint,0
2003,12,6,Wint,5
2003,12,7,Wint,5
2003,12,8,Wint,4
2003,12,9,Wint,3
2003,12,10,Wint,2
2003,12,11,Wint,0
2003,12,12,Wint,3
2003,12,13,Wint,1
2003,12,14,Wint,0
2003,12,15,Wint,5
2003,12,16,Wint,5
2003,12,17,Wint,2
2003,12,18,Wint,2
2003,12,19,Wint,0
2003,12,20,Wint,1
2003,12,21,Wint,0
2003,12,22,Wint,5
2003,12,23,Wint,2
2003,12,24,Wint,2
2003,12,25,Wint,2
2003,12,26,Wint,1
2003,12,27,Wint,1
2003,12,28,Wint,0
2003,12,29,Wint,0
2003,12,30,Wint,0
2003,12,31,Wint,3
2004,1,1,Wint,1
2004,1,2,Wint,3
2004,1,3,Wint,0
2004,1,4,Wint,5
2004,1,5,Wint,3
2004,1,6,Wint,2
2004,1,7,Wint,3
2004,1,8,Wint,3
2004,1,9,Wint,3
2004,1,10,Wint,3
2004,1,11,Wint,1
2004,1,12,Wint,1
2004,1,13,Wint,1
2004,1,14,Wint,1
2004,1,15,Wint,1
2004,1,16,Wint,1
2004,1,17,Wint,0
2004,1,18,Wint,2
2004,1,19,Wint,2
2004,1,20,Wint,3
2004,1,21,Wint,3
2004,1,22,Wint,3
2004,1,23,Wint,3
2004,1,24,Wint,2
2004,1,25,Wint,1
2004,1,26,Wint,0
2004,1,27,Wint,0
2004,1,28,Wint,0
2004,1,29,Wint,0
2004,1,30,Wint,1
2004,1,31,Wint,1
2004,2,1,Wint,1
2004,2,2,Wint,1
2004,2,3,Wint,1
2004,2,4,Wint,1
2004,2,5,Wint,1
2004,2,6,Wint,1
2004,2,7,Wint,0
2004,2,8,Wint,0
2004,2,9,Wint,5
2004,2,10,Wint,2
2004,2,11,Wint,5
2004,2,12,Wint,5
2004,2,13,Wint,5
2004,2,14,Wint,5
2004,2,15,Wint,5
2004,2,16,Wint,5
2004,2,17,Wint,5
2004,2,18,Wint,5
2004,2,19,Wint,5
2004,2,20,Wint,5
2004,2,21,Wint,0
2004,2,22,Wint,0
2004,2,23,Wint,5
2004,2,24,Wint,0
2004,2,25,Wint,0
2004,2,26,Wint,0
2004,2,27,Wint,0
2004,2,28,Wint,0
2004,2,29,Wint,5
2004,3,1,Spr,5
2004,3,2,Spr,4
2004,3,3,Spr,3
2004,3,4,Spr,3
2004,3,5,Spr,5
2004,3,6,Spr,0
2004,3,7,Spr,5
2004,3,8,Spr,5
2004,3,9,Spr,5
2004,3,10,Spr,4
2004,3,11,Spr,3
2004,3,12,Spr,3
2004,3,13,Spr,3
2004,3,14,Spr,1
2004,3,15,Spr,2
2004,3,16,Spr,2
2004,3,17,Spr,2
2004,3,18,Spr,3
2004,3,19,Spr,2
2004,3,20,Spr,1
2004,3,21,Spr,2
2004,3,22,Spr,0
2004,3,23,Spr,0
2004,3,24,Spr,5
2004,3,25,Spr,0
2004,3,26,Spr,5
2004,3,27,Spr,5
2004,3,28,Spr,2
2004,3,29,Spr,5
2004,3,30,Spr,4
2004,3,31,Spr,4
2004,4,1,Spr,3
2004,4,2,Spr,3
2004,4,3,Spr,3
2004,4,4,Spr,2
2004,4,5,Spr,2
2004,4,6,Spr,0
2004,4,7,Spr,0
2004,4,8,Spr,5
2004,4,9,Spr,0
2004,4,10,Spr,0
2004,4,11,Spr,0
2004,4,12,Spr,5
2004,4,13,Spr,5
2004,4,14,Spr,3
2004,4,15,Spr,3
2004,4,16,Spr,3
2004,4,17,Spr,3
2004,4,18,Spr,1
2004,4,19,Spr,1
2004,4,20,Spr,3
2004,4,21,Spr,1
2004,4,22,Spr,3
2004,4,23,Spr,3
2004,4,24,Spr,3
2004,4,25,Spr,5
2004,4,26,Spr,5
2004,4,27,Spr,0
2004,4,28,Spr,0
2004,4,29,Spr,0
2004,4,30,Spr,0
2004,5,1,Spr,5
2004,5,2,Spr,2
2004,5,3,Spr,2
2004,5,4,Spr,1
2004,5,5,Spr,1
2004,5,6,Spr,1
2004,5,7,Spr,1
2004,5,8,Spr,1
2004,5,9,Spr,0
2004,5,10,Spr,0
2004,5,11,Spr,0
2004,5,12,Spr,5
2004,5,13,Spr,5
2004,5,14,Spr,2
2004,5,15,Spr,5
2004,5,16,Spr,5
2004,5,17,Spr,2
2004,5,18,Spr,2
2004,5,19,Spr,0
2004,5,20,Spr,0
2004,5,21,Spr,0
2004,5,22,Spr,5
2004,5,23,Spr,5
2004,5,24,Spr,5
2004,5,25,Spr,4
2004,5,26,Spr,4
2004,5,27,Spr,4
2004,5,28,Spr,4
2004,5,29,Spr,3
2004,5,30,Spr,3
2004,5,31,Spr,4
2004,6,1,Summ,3
2004,6,2,Summ,4
2004,6,3,Summ,2
2004,6,4,Summ,2
2004,6,5,Summ,2
2004,6,6,Summ,2
2004,6,7,Summ,4
2004,6,8,Summ,4
2004,6,9,Summ,4
2004,6,10,Summ,1
2004,6,11,Summ,2
2004,6,12,Summ,5
2004,6,13,Summ,5
2004,6,14,Summ,2
2004,6,15,Summ,0
2004,6,16,Summ,2
2004,6,17,Summ,0
2004,6,18,Summ,0
2004,6,19,Summ,0
2004,6,20,Summ,0
2004,6,21,Summ,1
2004,6,22,Summ,1
2004,6,23,Summ,1
2004,6,24,Summ,0
2004,6,25,Summ,4
2004,6,26,Summ,4
2004,6,27,Summ,3
2004,6,28,Summ,2
2004,6,29,Summ,4
2004,6,30,Summ,3
2004,7,1,Summ,1
2004,7,2,Summ,1
2004,7,3,Summ,1
2004,7,4,Summ,0
2004,7,5,Summ,0
2004,7,6,Summ,0
2004,7,7,Summ,0
2004,7,8,Summ,0
2004,7,9,Summ,0
2004,7,10,Summ,0
2004,7,11,Summ,0
2004,7,12,Summ,0
2004,7,13,Summ,2
2004,7,14,Summ,2
2004,7,15,Summ,2
2004,7,16,Summ,2
2004,7,17,Summ,3
2004,7,18,Summ,2
2004,7,19,Summ,2
2004,7,20,Summ,3
2004,7,21,Summ,3
2004,7,22,Summ,3
2004,7,23,Summ,3
2004,7,24,Summ,2
2004,7,25,Summ,2
2004,7,26,Summ,5
2004,7,27,Summ,5
2004,7,28,Summ,4
2004,7,29,Summ,3
2004,7,30,Summ,5
2004,7,31,Summ,5
2004,8,1,Summ,4
2004,8,2,Summ,3
2004,8,3,Summ,3
2004,8,4,Summ,4
2004,8,5,Summ,4
2004,8,6,Summ,3
2004,8,7,Summ,4
2004,8,8,Summ,4
2004,8,9,Summ,4
2004,8,10,Summ,4
2004,8,11,Summ,4
2004,8,12,Summ,1
2004,8,13,Summ,4
2004,8,14,Summ,4
2004,8,15,Summ,4
2004,8,16,Summ,1
2004,8,17,Summ,4
2004,8,18,Summ,1
2004,8,19,Summ,1
2004,8,20,Summ,0
2004,8,21,Summ,0
2004,8,22,Summ,4
2004,8,23,Summ,4
2004,8,24,Summ,1
2004,8,25,Summ,0
2004,8,26,Summ,2
2004,8,27,Summ,2
2004,8,28,Summ,2
2004,8,29,Summ,1
2004,8,30,Summ,0
2004,8,31,Summ,4
2004,9,1,Aut,4
2004,9,2,Aut,3
2004,9,3,Aut,3
2004,9,4,Aut,5
2004,9,5,Aut,5
2004,9,6,Aut,5
2004,9,7,Aut,5
2004,9,8,Aut,5
2004,9,9,Aut,5
2004,9,10,Aut,4
2004,9,11,Aut,1
2004,9,12,Aut,1
2004,9,13,Aut,1
2004,9,14,Aut,0
2004,9,15,Aut,0
2004,9,16,Aut,3
2004,9,17,Aut,3
2004,9,18,Aut,2
2004,9,19,Aut,2
2004,9,20,Aut,2
2004,9,21,Aut,2
2004,9,22,Aut,2
2004,9,23,Aut,0
2004,9,24,Aut,0
2004,9,25,Aut,2
2004,9,26,Aut,2
2004,9,27,Aut,2
2004,9,28,Aut,0
2004,9,29,Aut,4
2004,9,30,Aut,3
2004,10,1,Aut,3
2004,10,2,Aut,3
2004,10,3,Aut,3
2004,10,4,Aut,1
2004,10,5,Aut,1
2004,10,6,Aut,1
2004,10,7,Aut,0
2004,10,8,Aut,0
2004,10,9,Aut,4
2004,10,10,Aut,5
2004,10,11,Aut,5
2004,10,12,Aut,3
2004,10,13,Aut,3
2004,10,14,Aut,1
2004,10,15,Aut,1
2004,10,16,Aut,0
2004,10,17,Aut,0
2004,10,18,Aut,1
2004,10,19,Aut,1
2004,10,20,Aut,1
2004,10,21,Aut,1
2004,10,22,Aut,1
2004,10,23,Aut,1
2004,10,24,Aut,1
2004,10,25,Aut,1
2004,10,26,Aut,1
2004,10,27,Aut,4
2004,10,28,Aut,1
2004,10,29,Aut,1
2004,10,30,Aut,5
2004,10,31,Aut,5
2004,11,1,Aut,5
2004,11,2,Aut,5
2004,11,3,Aut,3
2004,11,4,Aut,2
2004,11,5,Aut,2
2004,11,6,Aut,5
2004,11,7,Aut,5
2004,11,8,Aut,5
2004,11,9,Aut,2
2004,11,10,Aut,5
2004,11,11,Aut,2
2004,11,12,Aut,0
2004,11,13,Aut,5
2004,11,14,Aut,2
2004,11,15,Aut,2
2004,11,16,Aut,2
2004,11,17,Aut,2
2004,11,18,Aut,0
2004,11,19,Aut,0
2004,11,20,Aut,4
2004,11,21,Aut,3
2004,11,22,Aut,0
2004,11,23,Aut,4
2004,11,24,Aut,2
2004,11,25,Aut,3
2004,11,26,Aut,2
2004,11,27,Aut,0
2004,11,28,Aut,5
2004,11,29,Aut,5
2004,11,30,Aut,2
2004,12,1,Wint,0
2004,12,2,Wint,5
2004,12,3,Wint,5
2004,12,4,Wint,2
2004,12,5,Wint,5
2004,12,6,Wint,2
2004,12,7,Wint,5
2004,12,8,Wint,5
2004,12,9,Wint,3
2004,12,10,Wint,2
2004,12,11,Wint,5
2004,12,12,Wint,5
2004,12,13,Wint,5
2004,12,14,Wint,2
2004,12,15,Wint,2
2004,12,16,Wint,2
2004,12,17,Wint,0
2004,12,18,Wint,0
2004,12,19,Wint,0
2004,12,20,Wint,2
2004,12,21,Wint,2
2004,12,22,Wint,2
2004,12,23,Wint,2
2004,12,24,Wint,2
2004,12,25,Wint,0
2004,12,26,Wint,5
2004,12,27,Wint,2
2004,12,28,Wint,2
2004,12,29,Wint,2
2004,12,30,Wint,2
2004,12,31,Wint,2
2005,1,1,Wint,2
2005,1,2,Wint,2
2005,1,3,Wint,2
2005,1,4,Wint,2
2005,1,5,Wint,2
2005,1,6,Wint,2
2005,1,7,Wint,2
2005,1,8,Wint,2
2005,1,9,Wint,2
2005,1,10,Wint,2
2005,1,11,Wint,1
2005,1,12,Wint,2
2005,1,13,Wint,4
2005,1,14,Wint,3
2005,1,15,Wint,3
2005,1,16,Wint,2
2005,1,17,Wint,2
2005,1,18,Wint,2
2005,1,19,Wint,2
2005,1,20,Wint,2
2005,1,21,Wint,0
2005,1,22,Wint,0
2005,1,23,Wint,0
2005,1,24,Wint,5
2005,1,25,Wint,5
2005,1,26,Wint,5
2005,1,27,Wint,0
2005,1,28,Wint,0
2005,1,29,Wint,5
2005,1,30,Wint,5
2005,1,31,Wint,0
2005,2,1,Wint,5
2005,2,2,Wint,5
2005,2,3,Wint,5
2005,2,4,Wint,2
2005,2,5,Wint,0
2005,2,6,Wint,5
2005,2,7,Wint,3
2005,2,8,Wint,3
2005,2,9,Wint,2
2005,2,10,Wint,2
2005,2,11,Wint,2
2005,2,12,Wint,0
2005,2,13,Wint,0
2005,2,14,Wint,0
2005,2,15,Wint,5
2005,2,16,Wint,5
2005,2,17,Wint,5
2005,2,18,Wint,0
2005,2,19,Wint,0
2005,2,20,Wint,0
2005,2,21,Wint,0
2005,2,22,Wint,4
2005,2,23,Wint,4
2005,2,24,Wint,4
2005,2,25,Wint,4
2005,2,26,Wint,0
2005,2,27,Wint,5
2005,2,28,Wint,0
2005,3,1,Spr,0
2005,3,2,Spr,0
2005,3,3,Spr,5
2005,3,4,Spr,0
2005,3,5,Spr,0
2005,3,6,Spr,5
2005,3,7,Spr,0
2005,3,8,Spr,0
2005,3,9,Spr,5
2005,3,10,Spr,5
2005,3,11,Spr,0
2005,3,12,Spr,0
2005,3,13,Spr,0
2005,3,14,Spr,1
2005,3,15,Spr,1
2005,3,16,Spr,1
2005,3,17,Spr,2
2005,3,18,Spr,4
2005,3,19,Spr,4
2005,3,20,Spr,4
2005,3,21,Spr,4
2005,3,22,Spr,3
2005,3,23,Spr,3
2005,3,24,Spr,4
2005,3,25,Spr,4
2005,3,26,Spr,4
2005,3,27,Spr,4
2005,3,28,Spr,4
2005,3,29,Spr,4
2005,3,30,Spr,4
2005,3,31,Spr,3
2005,4,1,Spr,3
2005,4,2,Spr,3
2005,4,3,Spr,3
2005,4,4,Spr,2
2005,4,5,Spr,2
2005,4,6,Spr,1
2005,4,7,Spr,0
2005,4,8,Spr,0
2005,4,9,Spr,2
2005,4,10,Spr,2
2005,4,11,Spr,2
2005,4,12,Spr,2
2005,4,13,Spr,1
2005,4,14,Spr,0
2005,4,15,Spr,0
2005,4,16,Spr,4
2005,4,17,Spr,3
2005,4,18,Spr,3
2005,4,19,Spr,4
2005,4,20,Spr,4
2005,4,21,Spr,4
2005,4,22,Spr,4
2005,4,23,Spr,4
2005,4,24,Spr,4
2005,4,25,Spr,4
2005,4,26,Spr,1
2005,4,27,Spr,1
2005,4,28,Spr,1
2005,4,29,Spr,1
2005,4,30,Spr,4
2005,5,1,Spr,4
2005,5,2,Spr,3
2005,5,3,Spr,0
2005,5,4,Spr,5
2005,5,5,Spr,2
2005,5,6,Spr,2
2005,5,7,Spr,0
2005,5,8,Spr,0
2005,5,9,Spr,0
2005,5,10,Spr,5
2005,5,11,Spr,5
2005,5,12,Spr,4
2005,5,13,Spr,5
2005,5,14,Spr,0
2005,5,15,Spr,0
2005,5,16,Spr,0
2005,5,17,Spr,0
2005,5,18,Spr,1
2005,5,19,Spr,1
2005,5,20,Spr,1
2005,5,21,Spr,1
2005,5,22,Spr,1
2005,5,23,Spr,1
2005,5,24,Spr,1
2005,5,25,Spr,1
2005,5,26,Spr,1
2005,5,27,Spr,4
2005,5,28,Spr,1
2005,5,29,Spr,0
2005,5,30,Spr,0
2005,5,31,Spr,4
2005,6,1,Summ,4
2005,6,2,Summ,1
2005,6,3,Summ,1
2005,6,4,Summ,1
2005,6,5,Summ,0
2005,6,6,Summ,0
2005,6,7,Summ,5
2005,6,8,Summ,5
2005,6,9,Summ,5
2005,6,10,Summ,0
2005,6,11,Summ,0
2005,6,12,Summ,0
2005,6,13,Summ,0
2005,6,14,Summ,1
2005,6,15,Summ,1
2005,6,16,Summ,3
2005,6,17,Summ,5
2005,6,18,Summ,4
2005,6,19,Summ,3
2005,6,20,Summ,3
2005,6,21,Summ,2
2005,6,22,Summ,2
2005,6,23,Summ,2
2005,6,24,Summ,0
2005,6,25,Summ,5
2005,6,26,Summ,5
2005,6,27,Summ,5
2005,6,28,Summ,5
2005,6,29,Summ,4
2005,6,30,Summ,3
2005,7,1,Summ,3
2005,7,2,Summ,3
2005,7,3,Summ,3
2005,7,4,Summ,3
2005,7,5,Summ,1
2005,7,6,Summ,3
2005,7,7,Summ,5
2005,7,8,Summ,5
2005,7,9,Summ,5
2005,7,10,Summ,5
2005,7,11,Summ,5
2005,7,12,Summ,5
2005,7,13,Summ,5
2005,7,14,Summ,2
2005,7,15,Summ,0
2005,7,16,Summ,2
2005,7,17,Summ,2
2005,7,18,Summ,1
2005,7,19,Summ,2
2005,7,20,Summ,0
2005,7,21,Summ,0
2005,7,22,Summ,0
2005,7,23,Summ,0
2005,7,24,Summ,0
2005,7,25,Summ,0
2005,7,26,Summ,0
2005,7,27,Summ,0
2005,7,28,Summ,0
2005,7,29,Summ,0
2005,7,30,Summ,0
2005,7,31,Summ,0
2005,8,1,Summ,4
2005,8,2,Summ,3
2005,8,3,Summ,2
2005,8,4,Summ,2
2005,8,5,Summ,0
2005,8,6,Summ,0
2005,8,7,Summ,0
2005,8,8,Summ,5
2005,8,9,Summ,0
2005,8,10,Summ,0
2005,8,11,Summ,0
2005,8,12,Summ,2
2005,8,13,Summ,2
2005,8,14,Summ,0
2005,8,15,Summ,5
2005,8,16,Summ,5
2005,8,17,Summ,3
2005,8,18,Summ,3
2005,8,19,Summ,0
2005,8,20,Summ,5
2005,8,21,Summ,3
2005,8,22,Summ,5
2005,8,23,Summ,2
2005,8,24,Summ,1
2005,8,25,Summ,2
2005,8,26,Summ,2
2005,8,27,Summ,2
2005,8,28,Summ,2
2005,8,29,Summ,2
2005,8,30,Summ,5
2005,8,31,Summ,3
2005,9,1,Aut,3
2005,9,2,Aut,5
2005,9,3,Aut,3
2005,9,4,Aut,4
2005,9,5,Aut,3
2005,9,6,Aut,1
2005,9,7,Aut,1
2005,9,8,Aut,0
2005,9,9,Aut,4
2005,9,10,Aut,3
2005,9,11,Aut,5
2005,9,12,Aut,4
2005,9,13,Aut,2
2005,9,14,Aut,2
2005,9,15,Aut,0
2005,9,16,Aut,0
2005,9,17,Aut,5
2005,9,18,Aut,2
2005,9,19,Aut,2
2005,9,20,Aut,2
2005,9,21,Aut,3
2005,9,22,Aut,3
2005,9,23,Aut,1
2005,9,24,Aut,3
2005,9,25,Aut,1
2005,9,26,Aut,3
2005,9,27,Aut,2
2005,9,28,Aut,2
2005,9,29,Aut,2
2005,9,30,Aut,2
2005,10,1,Aut,0
2005,10,2,Aut,5
2005,10,3,Aut,5
2005,10,4,Aut,5
2005,10,5,Aut,5
2005,10,6,Aut,3
2005,10,7,Aut,3
2005,10,8,Aut,3
2005,10,9,Aut,3
2005,10,10,Aut,3
2005,10,11,Aut,3
2005,10,12,Aut,1
2005,10,13,Aut,0
2005,10,14,Aut,4
2005,10,15,Aut,4
2005,10,16,Aut,4
2005,10,17,Aut,4
2005,10,18,Aut,4
2005,10,19,Aut,1
2005,10,20,Aut,1
2005,10,21,Aut,1
2005,10,22,Aut,0
2005,10,23,Aut,4
2005,10,24,Aut,4
2005,10,25,Aut,1
2005,10,26,Aut,4
2005,10,27,Aut,3
2005,10,28,Aut,3
2005,10,29,Aut,3
2005,10,30,Aut,1
2005,10,31,Aut,3
2005,11,1,Aut,3
2005,11,2,Aut,1
2005,11,3,Aut,1
2005,11,4,Aut,1
2005,11,5,Aut,3
2005,11,6,Aut,3
2005,11,7,Aut,3
2005,11,8,Aut,3
2005,11,9,Aut,2
2005,11,10,Aut,2
2005,11,11,Aut,1
2005,11,12,Aut,0
2005,11,13,Aut,5
2005,11,14,Aut,2
2005,11,15,Aut,0
2005,11,16,Aut,0
2005,11,17,Aut,4
2005,11,18,Aut,4
2005,11,19,Aut,5
2005,11,20,Aut,5
2005,11,21,Aut,5
2005,11,22,Aut,5
2005,11,23,Aut,5
2005,11,24,Aut,0
2005,11,25,Aut,0
2005,11,26,Aut,0
2005,11,27,Aut,0
2005,11,28,Aut,0
2005,11,29,Aut,0
2005,11,30,Aut,2
2005,12,1,Wint,1
2005,12,2,Wint,1
2005,12,3,Wint,1
2005,12,4,Wint,1
2005,12,5,Wint,1
2005,12,6,Wint,0
2005,12,7,Wint,3
2005,12,8,Wint,3
2005,12,9,Wint,5
2005,12,10,Wint,5
2005,12,11,Wint,5
2005,12,12,Wint,5
2005,12,13,Wint,5
2005,12,14,Wint,5
2005,12,15,Wint,0
2005,12,16,Wint,0
2005,12,17,Wint,0
2005,12,18,Wint,2
2005,12,19,Wint,2
2005,12,20,Wint,5
2005,12,21,Wint,2
2005,12,22,Wint,2
2005,12,23,Wint,2
2005,12,24,Wint,5
2005,12,25,Wint,5
2005,12,26,Wint,5
2005,12,27,Wint,5
2005,12,28,Wint,3
2005,12,29,Wint,3
2005,12,30,Wint,1
2005,12,31,Wint,1
2006,1,1,Wint,0
2006,1,2,Wint,3
2006,1,3,Wint,5
2006,1,4,Wint,5
2006,1,5,Wint,3
2006,1,6,Wint,5
2006,1,7,Wint,3
2006,1,8,Wint,5
2006,1,9,Wint,3
2006,1,10,Wint,2
2006,1,11,Wint,2
2006,1,12,Wint,3
2006,1,13,Wint,3
2006,1,14,Wint,3
2006,1,15,Wint,3
2006,1,16,Wint,3
2006,1,17,Wint,2
2006,1,18,Wint,3
2006,1,19,Wint,3
2006,1,20,Wint,2
2006,1,21,Wint,5
2006,1,22,Wint,5
2006,1,23,Wint,5
2006,1,24,Wint,4
2006,1,25,Wint,4
2006,1,26,Wint,5
2006,1,27,Wint,5
2006,1,28,Wint,5
2006,1,29,Wint,5
2006,1,30,Wint,5
2006,1,31,Wint,5
2006,2,1,Wint,4
2006,2,2,Wint,4
2006,2,3,Wint,5
2006,2,4,Wint,5
2006,2,5,Wint,5
2006,2,6,Wint,2
2006,2,7,Wint,2
2006,2,8,Wint,0
2006,2,9,Wint,0
2006,2,10,Wint,5
2006,2,11,Wint,3
2006,2,12,Wint,3
2006,2,13,Wint,3
2006,2,14,Wint,3
2006,2,15,Wint,1
2006,2,16,Wint,1
2006,2,17,Wint,1
2006,2,18,Wint,1
2006,2,19,Wint,0
2006,2,20,Wint,0
2006,2,21,Wint,5
2006,2,22,Wint,5
2006,2,23,Wint,4
2006,2,24,Wint,4
2006,2,25,Wint,4
2006,2,26,Wint,0
2006,2,27,Wint,0
2006,2,28,Wint,0
2006,3,1,Spr,0
2006,3,2,Spr,1
2006,3,3,Spr,1
2006,3,4,Spr,0
2006,3,5,Spr,0
2006,3,6,Spr,4
2006,3,7,Spr,3
2006,3,8,Spr,3
2006,3,9,Spr,3
2006,3,10,Spr,3
2006,3,11,Spr,3
2006,3,12,Spr,3
2006,3,13,Spr,3
2006,3,14,Spr,3
2006,3,15,Spr,4
2006,3,16,Spr,5
2006,3,17,Spr,5
2006,3,18,Spr,4
2006,3,19,Spr,0
2006,3,20,Spr,0
2006,3,21,Spr,0
2006,3,22,Spr,4
2006,3,23,Spr,4
2006,3,24,Spr,1
2006,3,25,Spr,1
2006,3,26,Spr,1
2006,3,27,Spr,1
2006,3,28,Spr,1
2006,3,29,Spr,1
2006,3,30,Spr,1
2006,3,31,Spr,1
2006,4,1,Spr,1
2006,4,2,Spr,1
2006,4,3,Spr,0
2006,4,4,Spr,5
2006,4,5,Spr,5
2006,4,6,Spr,2
2006,4,7,Spr,2
2006,4,8,Spr,0
2006,4,9,Spr,0
2006,4,10,Spr,5
2006,4,11,Spr,2
2006,4,12,Spr,2
2006,4,13,Spr,2
2006,4,14,Spr,2
2006,4,15,Spr,3
2006,4,16,Spr,2
2006,4,17,Spr,2
2006,4,18,Spr,2
2006,4,19,Spr,2
2006,4,20,Spr,4
2006,4,21,Spr,5
2006,4,22,Spr,3
2006,4,23,Spr,5
2006,4,24,Spr,3
2006,4,25,Spr,3
2006,4,26,Spr,2
2006,4,27,Spr,5
2006,4,28,Spr,5
2006,4,29,Spr,5
2006,4,30,Spr,3
2006,5,1,Spr,3
2006,5,2,Spr,3
2006,5,3,Spr,3
2006,5,4,Spr,3
2006,5,5,Spr,3
2006,5,6,Spr,3
2006,5,7,Spr,4
2006,5,8,Spr,4
2006,5,9,Spr,4
2006,5,10,Spr,4
2006,5,11,Spr,4
2006,5,12,Spr,0
2006,5,13,Spr,0
2006,5,14,Spr,4
2006,5,15,Spr,4
2006,5,16,Spr,4
2006,5,17,Spr,4
2006,5,18,Spr,1
2006,5,19,Spr,1
2006,5,20,Spr,1
2006,5,21,Spr,1
2006,5,22,Spr,1
2006,5,23,Spr,2
2006,5,24,Spr,1
2006,5,25,Spr,2
2006,5,26,Spr,2
2006,5,27,Spr,2
2006,5,28,Spr,0
2006,5,29,Spr,0
2006,5,30,Spr,0
2006,5,31,Spr,5
2006,6,1,Summ,5
2006,6,2,Summ,5
2006,6,3,Summ,5
2006,6,4,Summ,5
2006,6,5,Summ,5
2006,6,6,Summ,5
2006,6,7,Summ,5
2006,6,8,Summ,5
2006,6,9,Summ,4
2006,6,10,Summ,4
2006,6,11,Summ,3
2006,6,12,Summ,3
2006,6,13,Summ,2
2006,6,14,Summ,5
2006,6,15,Summ,5
2006,6,16,Summ,5
2006,6,17,Summ,5
2006,6,18,Summ,1
2006,6,19,Summ,0
2006,6,20,Summ,1
2006,6,21,Summ,1
2006,6,22,Summ,0
2006,6,23,Summ,2
2006,6,24,Summ,0
2006,6,25,Summ,0
2006,6,26,Summ,5
2006,6,27,Summ,5
2006,6,28,Summ,4
2006,6,29,Summ,3
2006,6,30,Summ,3
2006,7,1,Summ,3
2006,7,2,Summ,5
2006,7,3,Summ,5
2006,7,4,Summ,3
2006,7,5,Summ,3
2006,7,6,Summ,3
2006,7,7,Summ,2
2006,7,8,Summ,3
2006,7,9,Summ,3
2006,7,10,Summ,2
2006,7,11,Summ,2
2006,7,12,Summ,2
2006,7,13,Summ,5
2006,7,14,Summ,5
2006,7,15,Summ,5
2006,7,16,Summ,5
2006,7,17,Summ,5
2006,7,18,Summ,4
2006,7,19,Summ,4
2006,7,20,Summ,3
2006,7,21,Summ,4
2006,7,22,Summ,4
2006,7,23,Summ,4
2006,7,24,Summ,4
2006,7,25,Summ,4
2006,7,26,Summ,4
2006,7,27,Summ,3
2006,7,28,Summ,4
2006,7,29,Summ,1
2006,7,30,Summ,3
2006,7,31,Summ,1
2006,8,1,Summ,1
2006,8,2,Summ,0
2006,8,3,Summ,0
2006,8,4,Summ,5
2006,8,5,Summ,3
2006,8,6,Summ,5
2006,8,7,Summ,5
2006,8,8,Summ,5
2006,8,9,Summ,0
2006,8,10,Summ,0
2006,8,11,Summ,0
2006,8,12,Summ,0
2006,8,13,Summ,0
2006,8,14,Summ,0
2006,8,15,Summ,1
2006,8,16,Summ,0
2006,8,17,Summ,0
2006,8,18,Summ,0
2006,8,19,Summ,4
2006,8,20,Summ,1
2006,8,21,Summ,0
2006,8,22,Summ,4
2006,8,23,Summ,3
2006,8,24,Summ,3
2006,8,25,Summ,1
2006,8,26,Summ,3
2006,8,27,Summ,2
2006,8,28,Summ,2
2006,8,29,Summ,0
2006,8,30,Summ,2
2006,8,31,Summ,2
2006,9,1,Aut,1
2006,9,2,Aut,1
2006,9,3,Aut,1
2006,9,4,Aut,2
2006,9,5,Aut,4
2006,9,6,Aut,0
2006,9,7,Aut,5
2006,9,8,Aut,5
2006,9,9,Aut,5
2006,9,10,Aut,4
2006,9,11,Aut,3
2006,9,12,Aut,4
2006,9,13,Aut,3
2006,9,14,Aut,3
2006,9,15,Aut,3
2006,9,16,Aut,3
2006,9,17,Aut,3
2006,9,18,Aut,3
2006,9,19,Aut,2
2006,9,20,Aut,1
2006,9,21,Aut,1
2006,9,22,Aut,1
2006,9,23,Aut,4
2006,9,24,Aut,4
2006,9,25,Aut,1
2006,9,26,Aut,4
2006,9,27,Aut,1
2006,9,28,Aut,1
2006,9,29,Aut,1
2006,9,30,Aut,1
2006,10,1,Aut,1
2006,10,2,Aut,0
2006,10,3,Aut,0
2006,10,4,Aut,0
2006,10,5,Aut,1
2006,10,6,Aut,1
2006,10,7,Aut,2
2006,10,8,Aut,3
2006,10,9,Aut,3
2006,10,10,Aut,4
2006,10,11,Aut,3
2006,10,12,Aut,3
2006,10,13,Aut,3
2006,10,14,Aut,5
2006,10,15,Aut,5
2006,10,16,Aut,4
2006,10,17,Aut,4
2006,10,18,Aut,1
2006,10,19,Aut,1
2006,10,20,Aut,1
2006,10,21,Aut,1
2006,10,22,Aut,1
2006,10,23,Aut,1
2006,10,24,Aut,0
2006,10,25,Aut,4
2006,10,26,Aut,1
2006,10,27,Aut,2
2006,10,28,Aut,2
2006,10,29,Aut,4
2006,10,30,Aut,1
2006,10,31,Aut,0
2006,11,1,Aut,0
2006,11,2,Aut,5
2006,11,3,Aut,5
2006,11,4,Aut,5
2006,11,5,Aut,5
2006,11,6,Aut,5
2006,11,7,Aut,2
2006,11,8,Aut,2
2006,11,9,Aut,5
2006,11,10,Aut,3
2006,11,11,Aut,2
2006,11,12,Aut,2
2006,11,13,Aut,2
2006,11,14,Aut,1
2006,11,15,Aut,1
2006,11,16,Aut,1
2006,11,17,Aut,1
2006,11,18,Aut,2
2006,11,19,Aut,3
2006,11,20,Aut,1
2006,11,21,Aut,1
2006,11,22,Aut,1
2006,11,23,Aut,1
2006,11,24,Aut,1
2006,11,25,Aut,1
2006,11,26,Aut,1
2006,11,27,Aut,1
2006,11,28,Aut,3
2006,11,29,Aut,2
2006,11,30,Aut,3
2006,12,1,Wint,2
2006,12,2,Wint,3
2006,12,3,Wint,1
2006,12,4,Wint,1
2006,12,5,Wint,1
2006,12,6,Wint,1
2006,12,7,Wint,1
2006,12,8,Wint,1
2006,12,9,Wint,0
2006,12,10,Wint,2
2006,12,11,Wint,2
2006,12,12,Wint,2
2006,12,13,Wint,2
2006,12,14,Wint,2
2006,12,15,Wint,2
2006,12,16,Wint,2
2006,12,17,Wint,2
2006,12,18,Wint,5
2006,12,19,Wint,5
2006,12,20,Wint,5
2006,12,21,Wint,5
2006,12,22,Wint,5
2006,12,23,Wint,5
2006,12,24,Wint,5
2006,12,25,Wint,5
2006,12,26,Wint,5
2006,12,27,Wint,4
2006,12,28,Wint,4
2006,12,29,Wint,3
2006,12,30,Wint,2
2006,12,31,Wint,2
2007,1,1,Wint,2
2007,1,2,Wint,0
2007,1,3,Wint,2
2007,1,4,Wint,0
2007,1,5,Wint,2
2007,1,6,Wint,2
2007,1,7,Wint,2
2007,1,8,Wint,1
2007,1,9,Wint,1
2007,1,10,Wint,2
2007,1,11,Wint,2
2007,1,12,Wint,2
2007,1,13,Wint,2
2007,1,14,Wint,2
2007,1,15,Wint,2
2007,1,16,Wint,4
2007,1,17,Wint,1
2007,1,18,Wint,1
2007,1,19,Wint,2
2007,1,20,Wint,1
2007,1,21,Wint,0
2007,1,22,Wint,0
2007,1,23,Wint,0
2007,1,24,Wint,0
2007,1,25,Wint,5
2007,1,26,Wint,0
2007,1,27,Wint,5
2007,1,28,Wint,0
2007,1,29,Wint,5
2007,1,30,Wint,5
2007,1,31,Wint,2
2007,2,1,Wint,5
2007,2,2,Wint,5
2007,2,3,Wint,5
2007,2,4,Wint,0
2007,2,5,Wint,0
2007,2,6,Wint,4
2007,2,7,Wint,4
2007,2,8,Wint,1
2007,2,9,Wint,4
2007,2,10,Wint,4
2007,2,11,Wint,1
2007,2,12,Wint,1
2007,2,13,Wint,1
2007,2,14,Wint,3
2007,2,15,Wint,3
2007,2,16,Wint,3
2007,2,17,Wint,2
2007,2,18,Wint,4
2007,2,19,Wint,4
2007,2,20,Wint,1
2007,2,21,Wint,4
2007,2,22,Wint,1
2007,2,23,Wint,1
2007,2,24,Wint,1
2007,2,25,Wint,1
2007,2,26,Wint,0
2007,2,27,Wint,1
2007,2,28,Wint,1
2007,3,1,Spr,1
2007,3,2,Spr,4
2007,3,3,Spr,3
2007,3,4,Spr,3
2007,3,5,Spr,3
2007,3,6,Spr,3
2007,3,7,Spr,3
2007,3,8,Spr,3
2007,3,9,Spr,2
2007,3,10,Spr,2
2007,3,11,Spr,2
2007,3,12,Spr,2
2007,3,13,Spr,2
2007,3,14,Spr,5
2007,3,15,Spr,2
2007,3,16,Spr,2
2007,3,17,Spr,2
2007,3,18,Spr,0
2007,3,19,Spr,0
2007,3,20,Spr,0
2007,3,21,Spr,5
2007,3,22,Spr,5
2007,3,23,Spr,3
2007,3,24,Spr,5
2007,3,25,Spr,5
2007,3,26,Spr,5
2007,3,27,Spr,3
2007,3,28,Spr,0
2007,3,29,Spr,0
2007,3,30,Spr,4
2007,3,31,Spr,5
2007,4,1,Spr,5
2007,4,2,Spr,0
2007,4,3,Spr,5
2007,4,4,Spr,5
2007,4,5,Spr,0
2007,4,6,Spr,5
2007,4,7,Spr,5
2007,4,8,Spr,2
2007,4,9,Spr,2
2007,4,10,Spr,2
2007,4,11,Spr,5
2007,4,12,Spr,5
2007,4,13,Spr,5
2007,4,14,Spr,5
2007,4,15,Spr,3
2007,4,16,Spr,5
2007,4,17,Spr,0
2007,4,18,Spr,5
2007,4,19,Spr,0
2007,4,20,Spr,4
2007,4,21,Spr,3
2007,4,22,Spr,3
2007,4,23,Spr,3
2007,4,24,Spr,3
2007,4,25,Spr,3
2007,4,26,Spr,5
2007,4,27,Spr,4
2007,4,28,Spr,4
2007,4,29,Spr,4
2007,4,30,Spr,4
2007,5,1,Spr,4
2007,5,2,Spr,4
2007,5,3,Spr,0
2007,5,4,Spr,4
2007,5,5,Spr,3
2007,5,6,Spr,1
2007,5,7,Spr,1
2007,5,8,Spr,1
2007,5,9,Spr,1
2007,5,10,Spr,1
2007,5,11,Spr,1
2007,5,12,Spr,1
2007,5,13,Spr,1
2007,5,14,Spr,0
2007,5,15,Spr,0
2007,5,16,Spr,2
2007,5,17,Spr,3
2007,5,18,Spr,2
2007,5,19,Spr,2
2007,5,20,Spr,5
2007,5,21,Spr,5
2007,5,22,Spr,2
2007,5,23,Spr,2
2007,5,24,Spr,2
2007,5,25,Spr,2
2007,5,26,Spr,0
2007,5,27,Spr,0
2007,5,28,Spr,0
2007,5,29,Spr,4
2007,5,30,Spr,1
2007,5,31,Spr,1
2007,6,1,Summ,4
2007,6,2,Summ,3
2007,6,3,Summ,3
2007,6,4,Summ,5
2007,6,5,Summ,4
2007,6,6,Summ,4
2007,6,7,Summ,4
2007,6,8,Summ,4
2007,6,9,Summ,4
2007,6,10,Summ,4
2007,6,11,Summ,4
2007,6,12,Summ,4
2007,6,13,Summ,4
2007,6,14,Summ,4
2007,6,15,Summ,4
2007,6,16,Summ,4
2007,6,17,Summ,4
2007,6,18,Summ,4
2007,6,19,Summ,4
2007,6,20,Summ,4
2007,6,21,Summ,1
2007,6,22,Summ,0
2007,6,23,Summ,1
2007,6,24,Summ,0
2007,6,25,Summ,0
2007,6,26,Summ,0
2007,6,27,Summ,0
2007,6,28,Summ,1
2007,6,29,Summ,1
2007,6,30,Summ,4
2007,7,1,Summ,1
2007,7,2,Summ,1
2007,7,3,Summ,1
2007,7,4,Summ,1
2007,7,5,Summ,1
2007,7,6,Summ,0
2007,7,7,Summ,0
2007,7,8,Summ,2
2007,7,9,Summ,0
2007,7,10,Summ,0
2007,7,11,Summ,0
2007,7,12,Summ,2
2007,7,13,Summ,1
2007,7,14,Summ,1
2007,7,15,Summ,4
2007,7,16,Summ,1
2007,7,17,Summ,1
2007,7,18,Summ,0
2007,7,19,Summ,0
2007,7,20,Summ,4
2007,7,21,Summ,4
2007,7,22,Summ,4
2007,7,23,Summ,0
2007,7,24,Summ,4
2007,7,25,Summ,1
2007,7,26,Summ,1
2007,7,27,Summ,1
2007,7,28,Summ,0
2007,7,29,Summ,0
2007,7,30,Summ,0
2007,7,31,Summ,2
2007,8,1,Summ,2
2007,8,2,Summ,2
2007,8,3,Summ,3
2007,8,4,Summ,2
2007,8,5,Summ,3
2007,8,6,Summ,0
2007,8,7,Summ,0
2007,8,8,Summ,4
2007,8,9,Summ,4
2007,8,10,Summ,4
2007,8,11,Summ,1
2007,8,12,Summ,1
2007,8,13,Summ,1
2007,8,14,Summ,1
2007,8,15,Summ,1
2007,8,16,Summ,0
2007,8,17,Summ,2
2007,8,18,Summ,0
2007,8,19,Summ,0
2007,8,20,Summ,0
2007,8,21,Summ,5
2007,8,22,Summ,5
2007,8,23,Summ,5
2007,8,24,Summ,5
2007,8,25,Summ,2
2007,8,26,Summ,5
2007,8,27,Summ,0
2007,8,28,Summ,0
2007,8,29,Summ,5
2007,8,30,Summ,0
2007,8,31,Summ,0
2007,9,1,Aut,2
2007,9,2,Aut,2
2007,9,3,Aut,0
2007,9,4,Aut,5
2007,9,5,Aut,5
2007,9,6,Aut,5
2007,9,7,Aut,5
2007,9,8,Aut,5
2007,9,9,Aut,5
2007,9,10,Aut,0
2007,9,11,Aut,5
2007,9,12,Aut,5
2007,9,13,Aut,2
2007,9,14,Aut,0
2007,9,15,Aut,2
2007,9,16,Aut,1
2007,9,17,Aut,0
2007,9,18,Aut,5
2007,9,19,Aut,2
2007,9,20,Aut,2
2007,9,21,Aut,2
2007,9,22,Aut,2
2007,9,23,Aut,3
2007,9,24,Aut,1
2007,9,25,Aut,0
2007,9,26,Aut,0
2007,9,27,Aut,5
2007,9,28,Aut,4
2007,9,29,Aut,4
2007,9,30,Aut,5
2007,10,1,Aut,5
2007,10,2,Aut,5
2007,10,3,Aut,5
2007,10,4,Aut,3
2007,10,5,Aut,3
2007,10,6,Aut,5
2007,10,7,Aut,4
2007,10,8,Aut,4
2007,10,9,Aut,4
2007,10,10,Aut,4
2007,10,11,Aut,2
2007,10,12,Aut,5
2007,10,13,Aut,5
2007,10,14,Aut,2
2007,10,15,Aut,2
2007,10,16,Aut,2
2007,10,17,Aut,0
2007,10,18,Aut,5
2007,10,19,Aut,5
2007,10,20,Aut,5
2007,10,21,Aut,3
2007,10,22,Aut,3
2007,10,23,Aut,5
2007,10,24,Aut,5
2007,10,25,Aut,5
2007,10,26,Aut,3
2007,10,27,Aut,2
2007,10,28,Aut,2
2007,10,29,Aut,2
2007,10,30,Aut,2
2007,10,31,Aut,2
2007,11,1,Aut,4
2007,11,2,Aut,5
2007,11,3,Aut,5
2007,11,4,Aut,5
2007,11,5,Aut,2
2007,11,6,Aut,5
2007,11,7,Aut,0
2007,11,8,Aut,0
2007,11,9,Aut,0
2007,11,10,Aut,0
2007,11,11,Aut,0
2007,11,12,Aut,5
2007,11,13,Aut,0
2007,11,14,Aut,0
2007,11,15,Aut,5
2007,11,16,Aut,5
2007,11,17,Aut,2
2007,11,18,Aut,1
2007,11,19,Aut,4
2007,11,20,Aut,4
2007,11,21,Aut,1
2007,11,22,Aut,0
2007,11,23,Aut,5
2007,11,24,Aut,2
2007,11,25,Aut,0
2007,11,26,Aut,5
2007,11,27,Aut,5
2007,11,28,Aut,2
2007,11,29,Aut,1
2007,11,30,Aut,3
2007,12,1,Wint,1
2007,12,2,Wint,1
2007,12,3,Wint,0
2007,12,4,Wint,3
2007,12,5,Wint,2
2007,12,6,Wint,2
2007,12,7,Wint,0
2007,12,8,Wint,1
2007,12,9,Wint,1
2007,12,10,Wint,0
2007,12,11,Wint,3
2007,12,12,Wint,5
2007,12,13,Wint,3
2007,12,14,Wint,5
2007,12,15,Wint,5
2007,12,16,Wint,5
2007,12,17,Wint,5
2007,12,18,Wint,5
2007,12,19,Wint,5
2007,12,20,Wint,5
2007,12,21,Wint,5
2007,12,22,Wint,2
2007,12,23,Wint,3
2007,12,24,Wint,2
2007,12,25,Wint,3
2007,12,26,Wint,2
2007,12,27,Wint,2
2007,12,28,Wint,1
2007,12,29,Wint,1
2007,12,30,Wint,4
2007,12,31,Wint,5
2008,1,1,Wint,3
2008,1,2,Wint,3
2008,1,3,Wint,4
2008,1,4,Wint,3
2008,1,5,Wint,1
2008,1,6,Wint,1
2008,1,7,Wint,2
2008,1,8,Wint,3
2008,1,9,Wint,1
2008,1,10,Wint,1
2008,1,11,Wint,1
2008,1,12,Wint,1
2008,1,13,Wint,1
2008,1,14,Wint,1
2008,1,15,Wint,1
2008,1,16,Wint,0
2008,1,17,Wint,1
2008,1,18,Wint,1
2008,1,19,Wint,2
2008,1,20,Wint,2
2008,1,21,Wint,1
2008,1,22,Wint,3
2008,1,23,Wint,2
2008,1,24,Wint,2
2008,1,25,Wint,2
2008,1,26,Wint,2
2008,1,27,Wint,5
2008,1,28,Wint,2
2008,1,29,Wint,2
2008,1,30,Wint,2
2008,1,31,Wint,1
2008,2,1,Wint,0
2008,2,2,Wint,2
2008,2,3,Wint,1
2008,2,4,Wint,1
2008,2,5,Wint,1
2008,2,6,Wint,5
2008,2,7,Wint,2
2008,2,8,Wint,3
2008,2,9,Wint,3
2008,2,10,Wint,5
2008,2,11,Wint,5
2008,2,12,Wint,5
2008,2,13,Wint,4
2008,2,14,Wint,4
2008,2,15,Wint,5
2008,2,16,Wint,5
2008,2,17,Wint,5
2008,2,18,Wint,5
2008,2,19,Wint,5
2008,2,20,Wint,5
2008,2,21,Wint,2
2008,2,22,Wint,2
2008,2,23,Wint,2
2008,2,24,Wint,2
2008,2,25,Wint,2
2008,2,26,Wint,2
2008,2,27,Wint,2
2008,2,28,Wint,2
2008,2,29,Wint,2
2008,3,1,Spr,2
2008,3,2,Spr,0
2008,3,3,Spr,0
2008,3,4,Spr,0
2008,3,5,Spr,2
2008,3,6,Spr,2
2008,3,7,Spr,2
2008,3,8,Spr,2
2008,3,9,Spr,2
2008,3,10,Spr,1
2008,3,11,Spr,1
2008,3,12,Spr,2
2008,3,13,Spr,2
2008,3,14,Spr,1
2008,3,15,Spr,1
2008,3,16,Spr,0
2008,3,17,Spr,0
2008,3,18,Spr,0
2008,3,19,Spr,5
2008,3,20,Spr,2
2008,3,21,Spr,0
2008,3,22,Spr,0
2008,3,23,Spr,0
2008,3,24,Spr,0
2008,3,25,Spr,0
2008,3,26,Spr,1
2008,3,27,Spr,4
2008,3,28,Spr,1
2008,3,29,Spr,1
2008,3,30,Spr,1
2008,3,31,Spr,1
2008,4,1,Spr,1
2008,4,2,Spr,0
2008,4,3,Spr,5
2008,4,4,Spr,0
2008,4,5,Spr,0
2008,4,6,Spr,0
2008,4,7,Spr,0
2008,4,8,Spr,0
2008,4,9,Spr,1
2008,4,10,Spr,1
2008,4,11,Spr,1
2008,4,12,Spr,1
2008,4,13,Spr,0
2008,4,14,Spr,0
2008,4,15,Spr,4
2008,4,16,Spr,4
2008,4,17,Spr,4
2008,4,18,Spr,4
2008,4,19,Spr,4
2008,4,20,Spr,4
2008,4,21,Spr,4
2008,4,22,Spr,4
2008,4,23,Spr,3
2008,4,24,Spr,3
2008,4,25,Spr,3
2008,4,26,Spr,3
2008,4,27,Spr,2
2008,4,28,Spr,1
2008,4,29,Spr,1
2008,4,30,Spr,1
2008,5,1,Spr,1
2008,5,2,Spr,3
2008,5,3,Spr,4
2008,5,4,Spr,3
2008,5,5,Spr,4
2008,5,6,Spr,4
2008,5,7,Spr,5
2008,5,8,Spr,4
2008,5,9,Spr,4
2008,5,10,Spr,3
2008,5,11,Spr,4
2008,5,12,Spr,4
2008,5,13,Spr,4
2008,5,14,Spr,4
2008,5,15,Spr,0
2008,5,16,Spr,0
2008,5,17,Spr,4
2008,5,18,Spr,4
2008,5,19,Spr,4
2008,5,20,Spr,4
2008,5,21,Spr,4
2008,5,22,Spr,4
2008,5,23,Spr,4
2008,5,24,Spr,4
2008,5,25,Spr,4
2008,5,26,Spr,4
2008,5,27,Spr,4
2008,5,28,Spr,4
2008,5,29,Spr,4
2008,5,30,Spr,3
2008,5,31,Spr,5
2008,6,1,Summ,4
2008,6,2,Summ,4
2008,6,3,Summ,3
2008,6,4,Summ,3
2008,6,5,Summ,3
2008,6,6,Summ,3
2008,6,7,Summ,3
2008,6,8,Summ,5
2008,6,9,Summ,2
2008,6,10,Summ,0
2008,6,11,Summ,0
2008,6,12,Summ,0
2008,6,13,Summ,0
2008,6,14,Summ,0
2008,6,15,Summ,0
2008,6,16,Summ,2
2008,6,17,Summ,1
2008,6,18,Summ,1
2008,6,19,Summ,1
2008,6,20,Summ,1
2008,6,21,Summ,4
2008,6,22,Summ,1
2008,6,23,Summ,0
2008,6,24,Summ,4
2008,6,25,Summ,1
2008,6,26,Summ,1
2008,6,27,Summ,1
2008,6,28,Summ,1
2008,6,29,Summ,1
2008,6,30,Summ,2
2008,7,1,Summ,3
2008,7,2,Summ,3
2008,7,3,Summ,3
2008,7,4,Summ,4
2008,7,5,Summ,1
2008,7,6,Summ,1
2008,7,7,Summ,1
2008,7,8,Summ,1
2008,7,9,Summ,1
2008,7,10,Summ,1
2008,7,11,Summ,0
2008,7,12,Summ,0
2008,7,13,Summ,2
2008,7,14,Summ,2
2008,7,15,Summ,2
2008,7,16,Summ,2
2008,7,17,Summ,2
2008,7,18,Summ,2
2008,7,19,Summ,0
2008,7,20,Summ,0
2008,7,21,Summ,5
2008,7,22,Summ,5
2008,7,23,Summ,5
2008,7,24,Summ,4
2008,7,25,Summ,3
2008,7,26,Summ,4
2008,7,27,Summ,4
2008,7,28,Summ,4
2008,7,29,Summ,4
2008,7,30,Summ,4
2008,7,31,Summ,4
2008,8,1,Summ,1
2008,8,2,Summ,1
2008,8,3,Summ,1
2008,8,4,Summ,1
2008,8,5,Summ,1
2008,8,6,Summ,1
2008,8,7,Summ,0
2008,8,8,Summ,0
2008,8,9,Summ,1
2008,8,10,Summ,1
2008,8,11,Summ,1
2008,8,12,Summ,1
2008,8,13,Summ,1
2008,8,14,Summ,0
2008,8,15,Summ,4
2008,8,16,Summ,4
2008,8,17,Summ,4
2008,8,18,Summ,1
2008,8,19,Summ,1
2008,8,20,Summ,1
2008,8,21,Summ,0
2008,8,22,Summ,5
2008,8,23,Summ,3
2008,8,24,Summ,3
2008,8,25,Summ,3
2008,8,26,Summ,2
2008,8,27,Summ,2
2008,8,28,Summ,2
2008,8,29,Summ,3
2008,8,30,Summ,3
2008,8,31,Summ,3
2008,9,1,Aut,1
2008,9,2,Aut,1
2008,9,3,Aut,1
2008,9,4,Aut,1
2008,9,5,Aut,0
2008,9,6,Aut,0
2008,9,7,Aut,4
2008,9,8,Aut,4
2008,9,9,Aut,3
2008,9,10,Aut,1
2008,9,11,Aut,3
2008,9,12,Aut,3
2008,9,13,Aut,3
2008,9,14,Aut,3
2008,9,15,Aut,5
2008,9,16,Aut,5
2008,9,17,Aut,5
2008,9,18,Aut,5
2008,9,19,Aut,5
2008,9,20,Aut,5
2008,9,21,Aut,5
2008,9,22,Aut,5
2008,9,23,Aut,5
2008,9,24,Aut,5
2008,9,25,Aut,5
2008,9,26,Aut,5
2008,9,27,Aut,5
2008,9,28,Aut,5
2008,9,29,Aut,2
2008,9,30,Aut,1
2008,10,1,Aut,0
2008,10,2,Aut,0
2008,10,3,Aut,0
2008,10,4,Aut,1
2008,10,5,Aut,0
2008,10,6,Aut,4
2008,10,7,Aut,3
2008,10,8,Aut,2
2008,10,9,Aut,3
2008,10,10,Aut,2
2008,10,11,Aut,2
2008,10,12,Aut,2
2008,10,13,Aut,2
2008,10,14,Aut,2
2008,10,15,Aut,2
2008,10,16,Aut,0
2008,10,17,Aut,5
2008,10,18,Aut,2
2008,10,19,Aut,2
2008,10,20,Aut,2
2008,10,21,Aut,2
2008,10,22,Aut,2
2008,10,23,Aut,2
2008,10,24,Aut,2
2008,10,25,Aut,2
2008,10,26,Aut,2
2008,10,27,Aut,0
2008,10,28,Aut,0
2008,10,29,Aut,1
2008,10,30,Aut,0
2008,10,31,Aut,0
2008,11,1,Aut,5
2008,11,2,Aut,5
2008,11,3,Aut,5
2008,11,4,Aut,5
2008,11,5,Aut,4
2008,11,6,Aut,3
2008,11,7,Aut,3
2008,11,8,Aut,3
2008,11,9,Aut,1
2008,11,10,Aut,1
2008,11,11,Aut,1
2008,11,12,Aut,0
2008,11,13,Aut,2
2008,11,14,Aut,2
2008,11,15,Aut,2
2008,11,16,Aut,5
2008,11,17,Aut,2
2008,11,18,Aut,0
2008,11,19,Aut,2
2008,11,20,Aut,0
2008,11,21,Aut,0
2008,11,22,Aut,0
2008,11,23,Aut,1
2008,11,24,Aut,0
2008,11,25,Aut,5
2008,11,26,Aut,2
2008,11,27,Aut,2
2008,11,28,Aut,1
2008,11,29,Aut,0
2008,11,30,Aut,0
2008,12,1,Wint,0
2008,12,2,Wint,1
2008,12,3,Wint,0
2008,12,4,Wint,1
2008,12,5,Wint,0
2008,12,6,Wint,5
2008,12,7,Wint,5
2008,12,8,Wint,2
2008,12,9,Wint,0
2008,12,10,Wint,5
2008,12,11,Wint,3
2008,12,12,Wint,3
2008,12,13,Wint,3
2008,12,14,Wint,3
2008,12,15,Wint,3
2008,12,16,Wint,3
2008,12,17,Wint,2
2008,12,18,Wint,2
2008,12,19,Wint,2
2008,12,20,Wint,2
2008,12,21,Wint,2
2008,12,22,Wint,5
2008,12,23,Wint,5
2008,12,24,Wint,5
2008,12,25,Wint,5
2008,12,26,Wint,5
2008,12,27,Wint,5
2008,12,28,Wint,5
2008,12,29,Wint,5
2008,12,30,Wint,4
2008,12,31,Wint,4
2009,1,1,Wint,4
2009,1,2,Wint,4
2009,1,3,Wint,4
2009,1,4,Wint,4
2009,1,5,Wint,5
2009,1,6,Wint,0
2009,1,7,Wint,5
2009,1,8,Wint,5
2009,1,9,Wint,5
2009,1,10,Wint,2
2009,1,11,Wint,2
2009,1,12,Wint,1
2009,1,13,Wint,0
2009,1,14,Wint,4
2009,1,15,Wint,3
2009,1,16,Wint,3
2009,1,17,Wint,3
2009,1,18,Wint,3
2009,1,19,Wint,3
2009,1,20,Wint,1
2009,1,21,Wint,3
2009,1,22,Wint,3
2009,1,23,Wint,3
2009,1,24,Wint,3
2009,1,25,Wint,1
2009,1,26,Wint,3
2009,1,27,Wint,3
2009,1,28,Wint,3
2009,1,29,Wint,3
2009,1,30,Wint,3
2009,1,31,Wint,3
2009,2,1,Wint,4
2009,2,2,Wint,4
2009,2,3,Wint,4
2009,2,4,Wint,0
2009,2,5,Wint,0
2009,2,6,Wint,0
2009,2,7,Wint,0
2009,2,8,Wint,1
2009,2,9,Wint,1
2009,2,10,Wint,0
2009,2,11,Wint,0
2009,2,12,Wint,0
2009,2,13,Wint,4
2009,2,14,Wint,5
2009,2,15,Wint,5
2009,2,16,Wint,5
2009,2,17,Wint,5
2009,2,18,Wint,5
2009,2,19,Wint,5
2009,2,20,Wint,5
2009,2,21,Wint,2
2009,2,22,Wint,2
2009,2,23,Wint,5
2009,2,24,Wint,5
2009,2,25,Wint,2
2009,2,26,Wint,2
2009,2,27,Wint,4
2009,2,28,Wint,3
2009,3,1,Spr,2
2009,3,2,Spr,2
2009,3,3,Spr,3
2009,3,4,Spr,1
2009,3,5,Spr,1
2009,3,6,Spr,3
2009,3,7,Spr,3
2009,3,8,Spr,2
2009,3,9,Spr,2
2009,3,10,Spr,0
2009,3,11,Spr,3
2009,3,12,Spr,2
2009,3,13,Spr,4
2009,3,14,Spr,2
2009,3,15,Spr,5
2009,3,16,Spr,5
2009,3,17,Spr,5
2009,3,18,Spr,5
2009,3,19,Spr,5
2009,3,20,Spr,5
2009,3,21,Spr,5
2009,3,22,Spr,5
2009,3,23,Spr,0
2009,3,24,Spr,2
2009,3,25,Spr,0
2009,3,26,Spr,1
2009,3,27,Spr,1
2009,3,28,Spr,0
2009,3,29,Spr,2
2009,3,30,Spr,2
2009,3,31,Spr,2
2009,4,1,Spr,3
2009,4,2,Spr,3
2009,4,3,Spr,3
2009,4,4,Spr,2
2009,4,5,Spr,2
2009,4,6,Spr,3
2009,4,7,Spr,3
2009,4,8,Spr,3
2009,4,9,Spr,1
2009,4,10,Spr,3
2009,4,11,Spr,3
2009,4,12,Spr,4
2009,4,13,Spr,4
2009,4,14,Spr,4
2009,4,15,Spr,4
2009,4,16,Spr,4
2009,4,17,Spr,4
2009,4,18,Spr,4
2009,4,19,Spr,4
2009,4,20,Spr,5
2009,4,21,Spr,5
2009,4,22,Spr,3
2009,4,23,Spr,3
2009,4,24,Spr,3
2009,4,25,Spr,3
2009,4,26,Spr,3
2009,4,27,Spr,1
2009,4,28,Spr,4
2009,4,29,Spr,3
2009,4,30,Spr,3
2009,5,1,Spr,3
2009,5,2,Spr,2
2009,5,3,Spr,5
2009,5,4,Spr,2
2009,5,5,Spr,2
2009,5,6,Spr,2
2009,5,7,Spr,2
2009,5,8,Spr,2
2009,5,9,Spr,2
2009,5,10,Spr,5
2009,5,11,Spr,5
2009,5,12,Spr,4
2009,5,13,Spr,4
2009,5,14,Spr,4
2009,5,15,Spr,4
2009,5,16,Spr,1
2009,5,17,Spr,1
2009,5,18,Spr,1
2009,5,19,Spr,1
2009,5,20,Spr,1
2009,5,21,Spr,3
2009,5,22,Spr,4
2009,5,23,Spr,3
2009,5,24,Spr,2
2009,5,25,Spr,3
2009,5,26,Spr,2
2009,5,27,Spr,2
2009,5,28,Spr,5
2009,5,29,Spr,5
2009,5,30,Spr,5
2009,5,31,Spr,5
2009,6,1,Summ,5
2009,6,2,Summ,4
2009,6,3,Summ,4
2009,6,4,Summ,0
2009,6,5,Summ,0
2009,6,6,Summ,0
2009,6,7,Summ,4
2009,6,8,Summ,4
2009,6,9,Summ,0
2009,6,10,Summ,0
2009,6,11,Summ,0
2009,6,12,Summ,4
2009,6,13,Summ,4
2009,6,14,Summ,4
2009,6,15,Summ,0
2009,6,16,Summ,4
2009,6,17,Summ,3
2009,6,18,Summ,2
2009,6,19,Summ,2
2009,6,20,Summ,0
2009,6,21,Summ,5
2009,6,22,Summ,5
2009,6,23,Summ,5
2009,6,24,Summ,4
2009,6,25,Summ,4
2009,6,26,Summ,4
2009,6,27,Summ,4
2009,6,28,Summ,4
2009,6,29,Summ,4
2009,6,30,Summ,4
2009,7,1,Summ,4
2009,7,2,Summ,4
2009,7,3,Summ,4
2009,7,4,Summ,4
2009,7,5,Summ,1
2009,7,6,Summ,1
2009,7,7,Summ,0
2009,7,8,Summ,0
2009,7,9,Summ,0
2009,7,10,Summ,0
2009,7,11,Summ,4
2009,7,12,Summ,1
2009,7,13,Summ,1
2009,7,14,Summ,1
2009,7,15,Summ,1
2009,7,16,Summ,1
2009,7,17,Summ,0
2009,7,18,Summ,1
2009,7,19,Summ,1
2009,7,20,Summ,1
2009,7,21,Summ,1
2009,7,22,Summ,1
2009,7,23,Summ,1
2009,7,24,Summ,1
2009,7,25,Summ,4
2009,7,26,Summ,1
2009,7,27,Summ,1
2009,7,28,Summ,3
2009,7,29,Summ,3
2009,7,30,Summ,2
2009,7,31,Summ,1
2009,8,1,Summ,3
2009,8,2,Summ,1
2009,8,3,Summ,4
2009,8,4,Summ,3
2009,8,5,Summ,3
2009,8,6,Summ,3
2009,8,7,Summ,3
2009,8,8,Summ,3
2009,8,9,Summ,3
2009,8,10,Summ,0
2009,8,11,Summ,2
2009,8,12,Summ,0
2009,8,13,Summ,0
2009,8,14,Summ,4
2009,8,15,Summ,1
2009,8,16,Summ,1
2009,8,17,Summ,4
2009,8,18,Summ,4
2009,8,19,Summ,3
2009,8,20,Summ,3
2009,8,21,Summ,2
2009,8,22,Summ,4
2009,8,23,Summ,3
2009,8,24,Summ,3
2009,8,25,Summ,3
2009,8,26,Summ,1
2009,8,27,Summ,1
2009,8,28,Summ,2
2009,8,29,Summ,2
2009,8,30,Summ,2
2009,8,31,Summ,1
2009,9,1,Aut,1
2009,9,2,Aut,1
2009,9,3,Aut,1
2009,9,4,Aut,0
2009,9,5,Aut,2
2009,9,6,Aut,2
2009,9,7,Aut,2
2009,9,8,Aut,2
2009,9,9,Aut,5
2009,9,10,Aut,5
2009,9,11,Aut,5
2009,9,12,Aut,5
2009,9,13,Aut,5
2009,9,14,Aut,5
2009,9,15,Aut,5
2009,9,16,Aut,5
2009,9,17,Aut,5
2009,9,18,Aut,5
2009,9,19,Aut,3
2009,9,20,Aut,5
2009,9,21,Aut,2
2009,9,22,Aut,2
2009,9,23,Aut,2
2009,9,24,Aut,2
2009,9,25,Aut,5
2009,9,26,Aut,5
2009,9,27,Aut,5
2009,9,28,Aut,2
2009,9,29,Aut,5
2009,9,30,Aut,0
2009,10,1,Aut,0
2009,10,2,Aut,2
2009,10,3,Aut,1
2009,10,4,Aut,0
2009,10,5,Aut,4
2009,10,6,Aut,1
2009,10,7,Aut,0
2009,10,8,Aut,0
2009,10,9,Aut,3
2009,10,10,Aut,3
2009,10,11,Aut,0
2009,10,12,Aut,4
2009,10,13,Aut,5
2009,10,14,Aut,5
2009,10,15,Aut,5
2009,10,16,Aut,5
2009,10,17,Aut,5
2009,10,18,Aut,5
2009,10,19,Aut,4
2009,10,20,Aut,4
2009,10,21,Aut,3
2009,10,22,Aut,3
2009,10,23,Aut,3
2009,10,24,Aut,1
2009,10,25,Aut,1
2009,10,26,Aut,4
2009,10,27,Aut,4
2009,10,28,Aut,4
2009,10,29,Aut,3
2009,10,30,Aut,3
2009,10,31,Aut,3
2009,11,1,Aut,1
2009,11,2,Aut,1
2009,11,3,Aut,1
2009,11,4,Aut,1
2009,11,5,Aut,1
2009,11,6,Aut,3
2009,11,7,Aut,1
2009,11,8,Aut,0
2009,11,9,Aut,3
2009,11,10,Aut,3
2009,11,11,Aut,4
2009,11,12,Aut,1
2009,11,13,Aut,1
2009,11,14,Aut,1
2009,11,15,Aut,1
2009,11,16,Aut,1
2009,11,17,Aut,1
2009,11,18,Aut,1
2009,11,19,Aut,3
2009,11,20,Aut,2
2009,11,21,Aut,4
2009,11,22,Aut,1
2009,11,23,Aut,1
2009,11,24,Aut,1
2009,11,25,Aut,1
2009,11,26,Aut,1
2009,11,27,Aut,1
2009,11,28,Aut,1
2009,11,29,Aut,0
2009,11,30,Aut,0
2009,12,1,Wint,3
2009,12,2,Wint,3
2009,12,3,Wint,3
2009,12,4,Wint,3
2009,12,5,Wint,3
2009,12,6,Wint,1
2009,12,7,Wint,3
2009,12,8,Wint,3
2009,12,9,Wint,3
2009,12,10,Wint,5
2009,12,11,Wint,4
2009,12,12,Wint,5
2009,12,13,Wint,5
2009,12,14,Wint,0
2009,12,15,Wint,0
2009,12,16,Wint,0
2009,12,17,Wint,4
2009,12,18,Wint,0
2009,12,19,Wint,0
2009,12,20,Wint,1
2009,12,21,Wint,1
2009,12,22,Wint,1
2009,12,23,Wint,1
2009,12,24,Wint,1
2009,12,25,Wint,1
2009,12,26,Wint,1
2009,12,27,Wint,1
2009,12,28,Wint,4
2009,12,29,Wint,4
2009,12,30,Wint,0
2009,12,31,Wint,0